key,x
0,14
1,18
2,7
3,21
4,1
5,20
6,12
7,13
8,20
9,13
10,13
11,5
12,19
13,1
14,0
15,12
16,3
17,19
18,6
19,12
20,2
21,16
22,2
23,17
24,17
25,1
26,16
27,6
28,11
29,2
30,2
31,18
32,17
33,22
34,0
35,1
36,5
37,4
38,6
39,21
40,10
41,20
42,0
43,6
44,8
45,19
46,17
47,22
48,15
49,13
50,11
51,3
52,2
53,15
54,14
55,12
56,19
57,8
58,11
59,19
60,13
61,18
62,21
63,13
64,17
65,9
66,16
67,19
68,5
69,15
70,7
71,2
72,2
73,17
74,0
75,0
76,10
77,0
78,6
79,15
80,18
81,19
82,8
83,2
84,6
85,3
86,17
87,16
88,11
89,2
90,16
91,10
92,9
93,17
94,14
95,5
96,18
97,19
98,2
99,13
100,21
101,5
102,19
103,11
104,19
105,7
106,5
107,1
108,3
109,15
110,6
111,19
112,8
113,19
114,14
115,3
116,13
117,10
118,20
119,10
120,22
121,21
122,15
123,8
124,9
125,6
126,1
127,3
128,11
129,13
130,5
131,5
132,21
133,0
134,2
135,7
136,6
137,20
138,5
139,20
140,1
141,18
142,17
143,5
144,21
145,2
146,13
147,2
148,11
149,8
150,16
151,16
152,4
153,22
154,14
155,17
156,15
157,3
158,6
159,3
160,11
161,8
162,6
163,10
164,18
165,14
166,16
167,21
168,19
169,2
170,6
171,20
172,7
173,12
174,20
175,21
176,13
177,0
178,9
179,16
180,6
181,9
182,20
183,20
184,21
185,22
186,11
187,19
188,4
189,1
190,1
191,17
192,0
193,8
194,9
195,15
196,10
197,10
198,15
199,14
200,17
201,15
202,8
203,16
204,1
205,3
206,8
207,0
208,15
209,3
210,20
211,9
212,11
213,10
214,14
215,5
216,16
217,18
218,0
219,14
220,2
221,7
222,17
223,6
224,20
225,16
226,17
227,6
228,20
229,18
230,4
231,2
232,6
233,17
234,6
235,12
236,12
237,1
238,7
239,10
240,12
241,12
242,8
243,14
244,10
245,4
246,20
247,11
248,12
249,15
250,14
251,14
252,1
253,5
254,13
255,22
256,20
257,18
258,10
259,5
260,8
261,4
262,2
263,14
264,10
265,17
266,0
267,18
268,3
269,18
270,10
271,3
272,15
273,16
274,14
275,0
276,5
277,19
278,13
279,20
280,11
281,15
282,8
283,19
284,20
285,10
286,14
287,18
288,5
289,10
290,11
291,22
292,18
293,19
294,4
295,4
296,15
297,10
298,5
299,0
300,12
301,15
302,3
303,21
304,7
305,3
306,1
307,14
308,19
309,13
310,2
311,4
312,4
313,4
314,11
315,13
316,19
317,21
318,20
319,18
320,1
321,9
322,7
323,0
324,0
325,2
326,7
327,16
328,20
329,9
330,8
331,12
332,18
333,2
334,14
335,11
336,7
337,18
338,1
339,2
340,8
341,15
342,8
343,18
344,13
345,5
346,2
347,20
348,4
349,8
350,22
351,18
352,1
353,16
354,1
355,17
356,11
357,8
358,20
359,22
360,14
361,19
362,22
363,16
364,3
365,11
366,12
367,13
368,17
369,2
370,7
371,21
372,1
373,3
374,8
375,14
376,14
377,2
378,1
379,11
380,17
381,11
382,6
383,6
384,13
385,6
386,10
387,18
388,5
389,7
390,6
391,14
392,20
393,13
394,16
395,21
396,19
397,15
398,18
399,10
400,0
401,13
402,10
403,6
404,12
405,15
406,0
407,4
408,5
409,4
410,4
411,3
412,13
413,2
414,5
415,10
416,11
417,9
418,10
419,9
420,9
421,10
422,18
423,8
424,16
425,22
426,15
427,20
428,18
429,4
430,1
431,21
432,11
433,19
434,18
435,18
436,13
437,1
438,6
439,15
440,0
441,9
442,17
443,7
444,13
445,7
446,6
447,3
448,1
449,8
450,15
451,0
452,8
453,1
454,9
455,13
456,15
457,7
458,16
459,5
460,8
461,10
462,17
463,14
464,15
465,8
466,3
467,15
468,4
469,18
470,0
471,11
472,22
473,3
474,16
475,4
476,9
477,0
478,6
479,20
480,22
481,5
482,4
483,17
484,5
485,20
486,7
487,21
488,5
489,19
490,22
491,22
492,2
493,13
494,0
495,2
496,8
497,16
498,3
499,12
500,13
501,21
502,1
503,6
504,21
505,15
506,21
507,19
508,1
509,2
510,20
511,13
512,14
513,9
514,19
515,15
516,3
517,9
518,6
519,1
520,3
521,0
522,6
523,3
524,11
525,2
526,15
527,9
528,12
529,14
530,6
531,12
532,22
533,22
534,17
535,1
536,11
537,21
538,20
539,8
540,17
541,3
542,3
543,13
544,1
545,3
546,16
547,4
548,21
549,3
550,18
551,17
552,13
553,7
554,7
555,0
556,10
557,4
558,12
559,15
560,6
561,8
562,2
563,18
564,0
565,7
566,5
567,3
568,19
569,14
570,10
571,18
572,11
573,20
574,8
575,9
576,2
577,15
578,14
579,10
580,20
581,9
582,4
583,8
584,1
585,19
586,15
587,16
588,5
589,9
590,11
591,14
592,1
593,11
594,8
595,2
596,2
597,16
598,2
599,9
600,6
601,22
602,19
603,3
604,10
605,22
606,0
607,22
608,11
609,4
610,14
611,12
612,13
613,3
614,22
615,15
616,10
617,13
618,11
619,7
620,10
621,16
622,0
623,16
624,18
625,14
626,10
627,3
628,10
629,2
630,5
631,18
632,13
633,7
634,2
635,0
636,16
637,20
638,13
639,17
640,9
641,3
642,19
643,8
644,8
645,13
646,6
647,3
648,2
649,3
650,0
651,11
652,18
653,2
654,14
655,19
656,16
657,5
658,9
659,0
660,21
661,17
662,3
663,13
664,17
665,4
666,6
667,6
668,18
669,20
670,20
671,20
672,5
673,14
674,1
675,3
676,4
677,2
678,22
679,0
680,17
681,12
682,0
683,4
684,6
685,14
686,21
687,20
688,1
689,18
690,20
691,21
692,20
693,22
694,12
695,2
696,7
697,22
698,8
699,7
700,15
701,3
702,9
703,18
704,17
705,1
706,11
707,6
708,22
709,6
710,18
711,15
712,16
713,15
714,2
715,12
716,6
717,20
718,21
719,18
720,17
721,18
722,6
723,0
724,14
725,22
726,19
727,6
728,16
729,6
730,18
731,10
732,18
733,10
734,20
735,0
736,16
737,1
738,22
739,11
740,3
741,19
742,6
743,22
744,20
745,5
746,18
747,11
748,7
749,19
750,10
751,15
752,3
753,20
754,18
755,20
756,13
757,9
758,13
759,3
760,18
761,5
762,4
763,10
764,6
765,19
766,4
767,5
768,10
769,15
770,22
771,20
772,15
773,16
774,8
775,11
776,6
777,3
778,22
779,3
780,21
781,2
782,16
783,11
784,9
785,10
786,16
787,6
788,19
789,1
790,12
791,4
792,7
793,1
794,14
795,11
796,17
797,4
798,6
799,3
800,21
801,15
802,8
803,13
804,0
805,7
806,8
807,14
808,11
809,13
810,21
811,18
812,15
813,6
814,21
815,17
816,22
817,5
818,18
819,19
820,19
821,19
822,18
823,8
824,15
825,19
826,17
827,21
828,19
829,7
830,18
831,8
832,21
833,1
834,21
835,4
836,4
837,14
838,17
839,20
840,12
841,22
842,12
843,22
844,10
845,0
846,8
847,5
848,9
849,11
850,0
851,14
852,14
853,12
854,22
855,21
856,0
857,2
858,18
859,11
860,12
861,12
862,17
863,11
864,7
865,3
866,14
867,16
868,22
869,5
870,11
871,2
872,21
873,17
874,1
875,19
876,15
877,19
878,22
879,3
880,6
881,2
882,3
883,4
884,5
885,16
886,18
887,21
888,6
889,21
890,1
891,3
892,11
893,18
894,17
895,20
896,11
897,22
898,10
899,14
900,8
901,11
902,0
903,2
904,3
905,8
906,16
907,1
908,8
909,3
910,13
911,3
912,18
913,7
914,15
915,14
916,17
917,1
918,3
919,9
920,12
921,5
922,10
923,12
924,19
925,16
926,0
927,10
928,20
929,10
930,15
931,0
932,7
933,6
934,14
935,3
936,22
937,4
938,14
939,6
940,9
941,6
942,15
943,12
944,21
945,20
946,11
947,1
948,11
949,1
950,10
951,0
952,14
953,0
954,8
955,7
956,6
957,19
958,12
959,5
960,6
961,15
962,6
963,14
964,5
965,20
966,7
967,12
968,6
969,2
970,10
971,3
972,13
973,5
974,15
975,16
976,8
977,6
978,3
979,12
980,18
981,10
982,12
983,22
984,15
985,18
986,10
987,2
988,14
989,0
990,16
991,19
992,7
993,2
994,11
995,15
996,13
997,8
998,8
999,15
1000,11
1001,7
1002,2
1003,9
1004,16
1005,14
1006,9
1007,22
1008,22
1009,19
1010,18
1011,11
1012,1
1013,13
1014,7
1015,16
1016,9
1017,22
1018,11
1019,9
1020,9
1021,14
1022,17
1023,0
1024,21
1025,10
1026,20
1027,11
1028,9
1029,9
1030,0
1031,5
1032,20
1033,10
1034,5
1035,3
1036,10
1037,22
1038,9
1039,0
1040,18
1041,20
1042,7
1043,21
1044,7
1045,21
1046,6
1047,10
1048,21
1049,12
1050,18
1051,9
1052,20
1053,20
1054,8
1055,9
1056,2
1057,21
1058,21
1059,2
1060,5
1061,19
1062,4
1063,6
1064,2
1065,9
1066,14
1067,5
1068,2
1069,21
1070,18
1071,21
1072,15
1073,3
1074,19
1075,2
1076,8
1077,16
1078,11
1079,9
1080,14
1081,11
1082,2
1083,12
1084,21
1085,21
1086,1
1087,19
1088,21
1089,12
1090,1
1091,16
1092,22
1093,7
1094,3
1095,7
1096,11
1097,2
1098,14
1099,3
1100,15
1101,1
1102,21
1103,20
1104,16
1105,16
1106,6
1107,18
1108,14
1109,7
1110,0
1111,19
1112,19
1113,14
1114,16
1115,16
1116,7
1117,11
1118,8
1119,11
1120,13
1121,2
1122,14
1123,19
1124,5
1125,12
1126,13
1127,21
1128,22
1129,5
1130,10
1131,0
1132,14
1133,6
1134,22
1135,14
1136,16
1137,8
1138,16
1139,14
1140,2
1141,22
1142,16
1143,17
1144,14
1145,4
1146,22
1147,14
1148,8
1149,17
1150,18
1151,0
1152,9
1153,3
1154,1
1155,4
1156,0
1157,8
1158,6
1159,7
1160,18
1161,5
1162,22
1163,21
1164,14
1165,5
1166,0
1167,21
1168,21
1169,2
1170,5
1171,1
1172,4
1173,9
1174,2
1175,22
1176,16
1177,7
1178,1
1179,8
1180,0
1181,12
1182,22
1183,14
1184,11
1185,22
1186,1
1187,8
1188,19
1189,1
1190,11
1191,5
1192,7
1193,15
1194,15
1195,16
1196,9
1197,16
1198,1
1199,7
1200,12
1201,3
1202,9
1203,17
1204,1
1205,7
1206,3
1207,11
1208,5
1209,3
1210,1
1211,22
1212,18
1213,2
1214,9
1215,17
1216,11
1217,22
1218,17
1219,11
1220,0
1221,18
1222,0
1223,17
1224,2
1225,7
1226,21
1227,12
1228,16
1229,12
1230,4
1231,2
1232,0
1233,14
1234,0
1235,22
1236,9
1237,2
1238,1
1239,8
1240,7
1241,14
1242,0
1243,3
1244,13
1245,7
1246,13
1247,4
1248,5
1249,4
1250,7
1251,2
1252,4
1253,13
1254,20
1255,9
1256,3
1257,9
1258,15
1259,16
1260,5
1261,8
1262,2
1263,8
1264,5
1265,6
1266,1
1267,20
1268,4
1269,22
1270,14
1271,14
1272,4
1273,4
1274,12
1275,4
1276,15
1277,20
1278,4
1279,6
1280,15
1281,7
1282,7
1283,9
1284,4
1285,13
1286,11
1287,2
1288,0
1289,2
1290,1
1291,6
1292,4
1293,15
1294,22
1295,4
1296,0
1297,17
1298,11
1299,21
1300,11
1301,1
1302,15
1303,3
1304,22
1305,12
1306,7
1307,13
1308,17
1309,12
1310,4
1311,20
1312,19
1313,13
1314,9
1315,1
1316,5
1317,2
1318,6
1319,22
1320,20
1321,22
1322,1
1323,19
1324,1
1325,20
1326,9
1327,13
1328,11
1329,12
1330,12
1331,22
1332,14
1333,15
1334,19
1335,15
1336,22
1337,7
1338,19
1339,8
1340,5
1341,19
1342,19
1343,10
1344,20
1345,0
1346,3
1347,5
1348,19
1349,6
1350,14
1351,22
1352,11
1353,6
1354,16
1355,11
1356,7
1357,1
1358,9
1359,10
1360,9
1361,7
1362,14
1363,21
1364,1
1365,21
1366,2
1367,1
1368,11
1369,3
1370,14
1371,8
1372,15
1373,8
1374,12
1375,19
1376,11
1377,11
1378,21
1379,13
1380,2
1381,6
1382,1
1383,21
1384,21
1385,5
1386,16
1387,5
1388,11
1389,10
1390,20
1391,9
1392,16
1393,10
1394,6
1395,8
1396,5
1397,11
1398,3
1399,4
1400,6
1401,21
1402,12
1403,13
1404,21
1405,6
1406,13
1407,2
1408,8
1409,22
1410,16
1411,6
1412,16
1413,1
1414,20
1415,14
1416,21
1417,0
1418,20
1419,9
1420,11
1421,5
1422,18
1423,2
1424,20
1425,9
1426,6
1427,7
1428,14
1429,4
1430,10
1431,9
1432,7
1433,1
1434,11
1435,3
1436,7
1437,13
1438,22
1439,0
1440,6
1441,19
1442,4
1443,13
1444,17
1445,17
1446,7
1447,13
1448,6
1449,21
1450,10
1451,17
1452,4
1453,14
1454,0
1455,17
1456,22
1457,13
1458,18
1459,4
1460,22
1461,19
1462,22
1463,10
1464,6
1465,12
1466,10
1467,16
1468,18
1469,3
1470,14
1471,7
1472,21
1473,19
1474,22
1475,12
1476,22
1477,5
1478,13
1479,10
1480,22
1481,10
1482,7
1483,9
1484,20
1485,5
1486,22
1487,18
1488,19
1489,12
1490,3
1491,15
1492,10
1493,6
1494,18
1495,9
1496,13
1497,18
1498,12
1499,3
1500,7
1501,2
1502,7
1503,6
1504,8
1505,7
1506,16
1507,21
1508,12
1509,21
1510,3
1511,10
1512,10
1513,1
1514,21
1515,13
1516,20
1517,2
1518,14
1519,6
1520,18
1521,20
1522,6
1523,6
1524,14
1525,11
1526,1
1527,22
1528,22
1529,12
1530,6
1531,5
1532,10
1533,5
1534,13
1535,6
1536,14
1537,9
1538,7
1539,12
1540,11
1541,3
1542,0
1543,21
1544,19
1545,22
1546,15
1547,0
1548,5
1549,7
1550,6
1551,12
1552,21
1553,0
1554,3
1555,1
1556,6
1557,3
1558,12
1559,14
1560,1
1561,2
1562,3
1563,21
1564,12
1565,3
1566,0
1567,0
1568,9
1569,12
1570,20
1571,14
1572,3
1573,16
1574,15
1575,4
1576,19
1577,18
1578,4
1579,9
1580,0
1581,18
1582,5
1583,11
1584,5
1585,9
1586,4
1587,12
1588,21
1589,3
1590,17
1591,4
1592,20
1593,3
1594,11
1595,19
1596,0
1597,21
1598,10
1599,0
1600,9
1601,13
1602,9
1603,20
1604,3
1605,2
1606,8
1607,6
1608,0
1609,12
1610,14
1611,15
1612,8
1613,2
1614,4
1615,5
1616,21
1617,12
1618,5
1619,7
1620,13
1621,16
1622,1
1623,9
1624,21
1625,22
1626,17
1627,22
1628,10
1629,1
1630,11
1631,13
1632,9
1633,20
1634,5
1635,17
1636,13
1637,4
1638,4
1639,18
1640,6
1641,20
1642,21
1643,6
1644,8
1645,21
1646,7
1647,17
1648,3
1649,10
1650,20
1651,16
1652,5
1653,14
1654,7
1655,13
1656,15
1657,19
1658,22
1659,4
1660,15
1661,19
1662,11
1663,22
1664,2
1665,15
1666,1
1667,21
1668,20
1669,7
1670,3
1671,2
1672,3
1673,11
1674,12
1675,16
1676,7
1677,2
1678,0
1679,7
1680,6
1681,22
1682,15
1683,8
1684,4
1685,17
1686,11
1687,16
1688,15
1689,14
1690,15
1691,4
1692,15
1693,18
1694,9
1695,17
1696,21
1697,14
1698,7
1699,8
1700,13
1701,11
1702,2
1703,12
1704,4
1705,14
1706,14
1707,1
1708,20
1709,14
1710,7
1711,0
1712,11
1713,15
1714,9
1715,22
1716,16
1717,13
1718,10
1719,6
1720,2
1721,14
1722,22
1723,10
1724,11
1725,4
1726,22
1727,22
1728,19
1729,20
1730,11
1731,19
1732,16
1733,17
1734,12
1735,22
1736,1
1737,10
1738,16
1739,1
1740,9
1741,2
1742,18
1743,10
1744,6
1745,4
1746,6
1747,20
1748,0
1749,9
1750,18
1751,7
1752,18
1753,4
1754,8
1755,4
1756,6
1757,1
1758,18
1759,5
1760,19
1761,18
1762,8
1763,2
1764,22
1765,20
1766,21
1767,0
1768,17
1769,17
1770,14
1771,4
1772,11
1773,9
1774,1
1775,3
1776,11
1777,4
1778,2
1779,7
1780,2
1781,13
1782,22
1783,3
1784,6
1785,21
1786,8
1787,7
1788,8
1789,1
1790,8
1791,11
1792,0
1793,0
1794,21
1795,11
1796,16
1797,16
1798,12
1799,22
1800,17
1801,12
1802,14
1803,15
1804,20
1805,19
1806,6
1807,1
1808,4
1809,14
1810,12
1811,4
1812,22
1813,9
1814,16
1815,1
1816,11
1817,22
1818,5
1819,22
1820,20
1821,17
1822,2
1823,12
1824,3
1825,6
1826,11
1827,10
1828,16
1829,1
1830,22
1831,7
1832,2
1833,9
1834,8
1835,17
1836,11
1837,9
1838,6
1839,6
1840,10
1841,22
1842,2
1843,0
1844,21
1845,14
1846,1
1847,8
1848,6
1849,8
1850,4
1851,3
1852,3
1853,7
1854,19
1855,10
1856,16
1857,14
1858,21
1859,8
1860,14
1861,7
1862,0
1863,11
1864,12
1865,6
1866,4
1867,10
1868,16
1869,16
1870,5
1871,14
1872,17
1873,9
1874,17
1875,13
1876,19
1877,7
1878,17
1879,2
1880,1
1881,22
1882,18
1883,15
1884,21
1885,2
1886,0
1887,11
1888,19
1889,19
1890,20
1891,13
1892,1
1893,21
1894,16
1895,9
1896,18
1897,13
1898,9
1899,8
1900,3
1901,11
1902,12
1903,4
1904,20
1905,8
1906,17
1907,18
1908,13
1909,18
1910,11
1911,10
1912,21
1913,14
1914,13
1915,5
1916,20
1917,12
1918,7
1919,21
1920,13
1921,11
1922,18
1923,1
1924,11
1925,3
1926,2
1927,16
1928,16
1929,2
1930,15
1931,16
1932,6
1933,9
1934,11
1935,6
1936,8
1937,8
1938,9
1939,4
1940,4
1941,18
1942,12
1943,6
1944,3
1945,6
1946,11
1947,3
1948,8
1949,19
1950,3
1951,20
1952,14
1953,15
1954,14
1955,0
1956,5
1957,5
1958,12
1959,10
1960,16
1961,5
1962,7
1963,8
1964,21
1965,0
1966,20
1967,18
1968,2
1969,20
1970,6
1971,22
1972,20
1973,17
1974,12
1975,7
1976,16
1977,12
1978,5
1979,22
1980,13
1981,15
1982,0
1983,12
1984,19
1985,5
1986,19
1987,10
1988,20
1989,1
1990,17
1991,19
1992,11
1993,13
1994,15
1995,11
1996,12
1997,15
1998,7
1999,8
2000,12
2001,3
2002,12
2003,18
2004,9
2005,21
2006,0
2007,21
2008,17
2009,4
2010,10
2011,8
2012,2
2013,16
2014,16
2015,9
2016,15
2017,13
2018,10
2019,18
2020,0
2021,20
2022,17
2023,11
2024,11
2025,8
2026,17
2027,11
2028,1
2029,1
2030,2
2031,4
2032,20
2033,3
2034,1
2035,20
2036,8
2037,7
2038,1
2039,3
2040,20
2041,5
2042,16
2043,5
2044,6
2045,7
2046,9
2047,17
2048,13
2049,10
2050,13
2051,18
2052,17
2053,18
2054,18
2055,14
2056,20
2057,11
2058,11
2059,21
2060,9
2061,12
2062,19
2063,5
2064,7
2065,8
2066,19
2067,22
2068,13
2069,18
2070,22
2071,17
2072,20
2073,13
2074,15
2075,6
2076,18
2077,2
2078,11
2079,16
2080,19
2081,1
2082,10
2083,13
2084,2
2085,3
2086,3
2087,14
2088,6
2089,18
2090,21
2091,3
2092,6
2093,22
2094,11
2095,14
2096,7
2097,11
2098,0
2099,3
2100,2
2101,10
2102,20
2103,19
2104,3
2105,10
2106,20
2107,19
2108,14
2109,0
2110,6
2111,10
2112,12
2113,6
2114,18
2115,0
2116,4
2117,2
2118,17
2119,17
2120,20
2121,13
2122,2
2123,13
2124,2
2125,9
2126,1
2127,11
2128,5
2129,5
2130,8
2131,5
2132,7
2133,13
2134,3
2135,1
2136,7
2137,7
2138,12
2139,14
2140,16
2141,16
2142,6
2143,9
2144,2
2145,16
2146,21
2147,2
2148,7
2149,17
2150,10
2151,9
2152,17
2153,12
2154,8
2155,0
2156,13
2157,7
2158,18
2159,3
2160,10
2161,8
2162,7
2163,4
2164,5
2165,7
2166,9
2167,13
2168,4
2169,7
2170,21
2171,0
2172,13
2173,19
2174,7
2175,7
2176,11
2177,2
2178,18
2179,21
2180,15
2181,13
2182,16
2183,2
2184,18
2185,7
2186,10
2187,1
2188,0
2189,17
2190,5
2191,0
2192,1
2193,17
2194,18
2195,1
2196,3
2197,11
2198,5
2199,1
2200,3
2201,2
2202,9
2203,20
2204,13
2205,1
2206,20
2207,13
2208,1
2209,3
2210,10
2211,2
2212,8
2213,21
2214,15
2215,20
2216,7
2217,8
2218,12
2219,18
2220,20
2221,13
2222,6
2223,8
2224,4
2225,14
2226,2
2227,4
2228,17
2229,5
2230,9
2231,1
2232,20
2233,20
2234,4
2235,22
2236,20
2237,14
2238,7
2239,7
2240,20
2241,3
2242,17
2243,8
2244,16
2245,9
2246,14
2247,11
2248,10
2249,18
2250,21
2251,13
2252,19
2253,10
2254,10
2255,14
2256,0
2257,16
2258,16
2259,20
2260,21
2261,8
2262,1
2263,6
2264,18
2265,21
2266,18
2267,3
2268,2
2269,7
2270,5
2271,17
2272,20
2273,5
2274,15
2275,0
2276,11
2277,13
2278,18
2279,14
2280,12
2281,16
2282,21
2283,12
2284,16
2285,20
2286,19
2287,12
2288,19
2289,17
2290,7
2291,17
2292,1
2293,22
2294,19
2295,12
2296,21
2297,0
2298,14
2299,5
2300,5
2301,1
2302,17
2303,9
2304,0
2305,4
2306,16
2307,11
2308,5
2309,2
2310,22
2311,6
2312,0
2313,6
2314,20
2315,22
2316,3
2317,16
2318,0
2319,2
2320,9
2321,14
2322,19
2323,19
2324,3
2325,15
2326,8
2327,3
2328,21
2329,13
2330,19
2331,8
2332,0
2333,18
2334,2
2335,3
2336,13
2337,20
2338,2
2339,2
2340,1
2341,0
2342,3
2343,1
2344,14
2345,9
2346,12
2347,20
2348,13
2349,0
2350,20
2351,15
2352,16
2353,15
2354,2
2355,16
2356,14
2357,11
2358,1
2359,2
2360,1
2361,21
2362,11
2363,11
2364,1
2365,1
2366,22
2367,13
2368,21
2369,21
2370,15
2371,20
2372,20
2373,8
2374,0
2375,10
2376,11
2377,22
2378,9
2379,9
2380,12
2381,10
2382,0
2383,1
2384,8
2385,14
2386,0
2387,17
2388,16
2389,12
2390,0
2391,22
2392,11
2393,22
2394,11
2395,16
2396,15
2397,20
2398,21
2399,14
2400,4
2401,8
2402,0
2403,14
2404,7
2405,6
2406,5
2407,19
2408,3
2409,16
2410,7
2411,13
2412,5
2413,4
2414,2
2415,7
2416,6
2417,1
2418,16
2419,1
2420,6
2421,18
2422,7
2423,17
2424,7
2425,3
2426,22
2427,15
2428,18
2429,16
2430,9
2431,9
2432,20
2433,9
2434,8
2435,6
2436,12
2437,9
2438,3
2439,2
2440,21
2441,12
2442,2
2443,13
2444,19
2445,16
2446,7
2447,8
2448,3
2449,12
2450,11
2451,0
2452,10
2453,15
2454,15
2455,22
2456,21
2457,15
2458,21
2459,21
2460,13
2461,11
2462,4
2463,13
2464,2
2465,13
2466,20
2467,9
2468,16
2469,21
2470,5
2471,10
2472,12
2473,16
2474,21
2475,10
2476,9
2477,0
2478,13
2479,5
2480,22
2481,16
2482,17
2483,9
2484,14
2485,5
2486,14
2487,6
2488,12
2489,8
2490,22
2491,11
2492,2
2493,21
2494,4
2495,4
2496,6
2497,10
2498,1
2499,8
2500,9
2501,10
2502,9
2503,22
2504,20
2505,7
2506,22
2507,4
2508,1
2509,13
2510,19
2511,11
2512,20
2513,1
2514,3
2515,16
2516,16
2517,10
2518,4
2519,7
2520,15
2521,10
2522,1
2523,7
2524,19
2525,2
2526,1
2527,18
2528,22
2529,1
2530,8
2531,20
2532,7
2533,11
2534,1
2535,2
2536,14
2537,8
2538,4
2539,16
2540,15
2541,18
2542,5
2543,12
2544,8
2545,3
2546,18
2547,14
2548,3
2549,5
2550,11
2551,2
2552,22
2553,21
2554,11
2555,6
2556,5
2557,0
2558,6
2559,20
2560,14
2561,21
2562,10
2563,0
2564,22
2565,15
2566,22
2567,15
2568,9
2569,19
2570,3
2571,19
2572,10
2573,15
2574,17
2575,11
2576,14
2577,13
2578,10
2579,19
2580,22
2581,19
2582,17
2583,3
2584,10
2585,14
2586,14
2587,21
2588,11
2589,4
2590,3
2591,15
2592,14
2593,20
2594,16
2595,4
2596,1
2597,5
2598,13
2599,13
2600,11
2601,18
2602,7
2603,4
2604,6
2605,21
2606,21
2607,2
2608,2
2609,2
2610,1
2611,4
2612,16
2613,7
2614,11
2615,11
2616,0
2617,0
2618,16
2619,20
2620,7
2621,3
2622,16
2623,0
2624,2
2625,3
2626,15
2627,5
2628,13
2629,19
2630,6
2631,18
2632,20
2633,3
2634,9
2635,4
2636,20
2637,15
2638,9
2639,3
2640,17
2641,4
2642,3
2643,7
2644,8
2645,19
2646,5
2647,1
2648,0
2649,21
2650,6
2651,5
2652,0
2653,15
2654,10
2655,6
2656,20
2657,0
2658,6
2659,13
2660,22
2661,15
2662,20
2663,11
2664,19
2665,22
2666,3
2667,6
2668,0
2669,21
2670,14
2671,17
2672,12
2673,5
2674,6
2675,3
2676,22
2677,5
2678,3
2679,7
2680,11
2681,20
2682,4
2683,22
2684,20
2685,3
2686,20
2687,19
2688,4
2689,11
2690,11
2691,0
2692,4
2693,8
2694,18
2695,18
2696,21
2697,6
2698,18
2699,0
2700,10
2701,10
2702,3
2703,8
2704,14
2705,12
2706,19
2707,21
2708,18
2709,22
2710,5
2711,4
2712,1
2713,3
2714,22
2715,5
2716,17
2717,1
2718,6
2719,9
2720,13
2721,17
2722,9
2723,8
2724,7
2725,8
2726,19
2727,17
2728,11
2729,22
2730,7
2731,14
2732,6
2733,18
2734,20
2735,2
2736,17
2737,6
2738,22
2739,17
2740,7
2741,4
2742,1
2743,5
2744,14
2745,21
2746,11
2747,13
2748,0
2749,13
2750,1
2751,0
2752,22
2753,2
2754,14
2755,18
2756,14
2757,7
2758,11
2759,2
2760,7
2761,20
2762,4
2763,1
2764,21
2765,17
2766,6
2767,14
2768,15
2769,5
2770,8
2771,13
2772,17
2773,2
2774,14
2775,0
2776,4
2777,13
2778,9
2779,4
2780,1
2781,9
2782,17
2783,8
2784,17
2785,22
2786,14
2787,3
2788,3
2789,3
2790,16
2791,19
2792,6
2793,17
2794,22
2795,2
2796,20
2797,8
2798,6
2799,4
2800,19
2801,22
2802,8
2803,9
2804,1
2805,8
2806,12
2807,5
2808,18
2809,3
2810,0
2811,21
2812,3
2813,12
2814,0
2815,3
2816,20
2817,19
2818,17
2819,17
2820,15
2821,7
2822,16
2823,9
2824,21
2825,10
2826,12
2827,1
2828,16
2829,3
2830,5
2831,9
2832,7
2833,13
2834,17
2835,21
2836,12
2837,13
2838,11
2839,0
2840,18
2841,3
2842,21
2843,2
2844,2
2845,6
2846,20
2847,11
2848,3
2849,15
2850,0
2851,15
2852,4
2853,17
2854,21
2855,21
2856,1
2857,13
2858,3
2859,4
2860,16
2861,8
2862,6
2863,18
2864,20
2865,1
2866,2
2867,7
2868,11
2869,16
2870,1
2871,15
2872,8
2873,10
2874,12
2875,3
2876,10
2877,9
2878,19
2879,22
2880,11
2881,7
2882,5
2883,1
2884,20
2885,19
2886,11
2887,20
2888,5
2889,6
2890,0
2891,21
2892,3
2893,12
2894,11
2895,6
2896,1
2897,5
2898,6
2899,18
2900,10
2901,13
2902,15
2903,14
2904,10
2905,14
2906,14
2907,7
2908,14
2909,0
2910,1
2911,11
2912,1
2913,21
2914,21
2915,8
2916,4
2917,8
2918,1
2919,14
2920,0
2921,7
2922,16
2923,4
2924,4
2925,5
2926,2
2927,21
2928,4
2929,4
2930,0
2931,12
2932,9
2933,9
2934,3
2935,21
2936,10
2937,5
2938,6
2939,17
2940,10
2941,6
2942,3
2943,10
2944,6
2945,8
2946,20
2947,1
2948,14
2949,7
2950,8
2951,17
2952,17
2953,2
2954,12
2955,15
2956,17
2957,15
2958,3
2959,15
2960,4
2961,8
2962,11
2963,4
2964,9
2965,6
2966,21
2967,5
2968,17
2969,16
2970,6
2971,4
2972,5
2973,17
2974,11
2975,1
2976,6
2977,18
2978,11
2979,20
2980,14
2981,14
2982,18
2983,0
2984,8
2985,0
2986,13
2987,1
2988,0
2989,4
2990,22
2991,6
2992,1
2993,9
2994,2
2995,2
2996,9
2997,2
2998,19
2999,4
3000,14
3001,19
3002,15
3003,14
3004,12
3005,20
3006,19
3007,1
3008,7
3009,7
3010,1
3011,16
3012,10
3013,19
3014,3
3015,19
3016,9
3017,1
3018,8
3019,13
3020,15
3021,11
3022,12
3023,21
3024,20
3025,15
3026,6
3027,20
3028,15
3029,14
3030,13
3031,14
3032,7
3033,5
3034,22
3035,0
3036,18
3037,8
3038,0
3039,8
3040,22
3041,22
3042,17
3043,14
3044,6
3045,9
3046,9
3047,13
3048,15
3049,22
3050,13
3051,0
3052,19
3053,8
3054,18
3055,3
3056,21
3057,6
3058,15
3059,7
3060,13
3061,17
3062,22
3063,0
3064,1
3065,19
3066,2
3067,16
3068,9
3069,6
3070,20
3071,2
3072,19
3073,8
3074,6
3075,12
3076,3
3077,5
3078,1
3079,16
3080,0
3081,9
3082,2
3083,2
3084,21
3085,22
3086,14
3087,3
3088,21
3089,11
3090,0
3091,2
3092,21
3093,12
3094,19
3095,6
3096,0
3097,0
3098,15
3099,2
3100,14
3101,18
3102,14
3103,11
3104,19
3105,4
3106,3
3107,13
3108,3
3109,22
3110,2
3111,18
3112,1
3113,14
3114,4
3115,19
3116,12
3117,8
3118,7
3119,1
3120,13
3121,2
3122,16
3123,16
3124,0
3125,8
3126,12
3127,4
3128,2
3129,11
3130,14
3131,21
3132,18
3133,14
3134,18
3135,10
3136,9
3137,11
3138,1
3139,14
3140,21
3141,3
3142,16
3143,3
3144,20
3145,12
3146,18
3147,15
3148,8
3149,13
3150,5
3151,1
3152,3
3153,17
3154,2
3155,19
3156,1
3157,17
3158,0
3159,5
3160,6
3161,4
3162,7
3163,3
3164,12
3165,6
3166,18
3167,11
3168,17
3169,5
3170,1
3171,10
3172,0
3173,16
3174,10
3175,10
3176,17
3177,7
3178,15
3179,9
3180,2
3181,0
3182,8
3183,6
3184,16
3185,15
3186,18
3187,20
3188,17
3189,2
3190,9
3191,9
3192,20
3193,6
3194,2
3195,20
3196,16
3197,15
3198,14
3199,18
3200,6
3201,17
3202,9
3203,20
3204,10
3205,19
3206,17
3207,17
3208,2
3209,7
3210,16
3211,13
3212,10
3213,20
3214,18
3215,7
3216,6
3217,10
3218,8
3219,5
3220,8
3221,5
3222,17
3223,17
3224,8
3225,11
3226,10
3227,1
3228,16
3229,7
3230,20
3231,18
3232,6
3233,16
3234,13
3235,1
3236,21
3237,13
3238,9
3239,19
3240,8
3241,22
3242,8
3243,17
3244,19
3245,9
3246,14
3247,7
3248,8
3249,1
3250,10
3251,2
3252,1
3253,0
3254,14
3255,12
3256,5
3257,1
3258,6
3259,8
3260,15
3261,2
3262,20
3263,10
3264,3
3265,12
3266,18
3267,9
3268,14
3269,20
3270,15
3271,14
3272,18
3273,0
3274,13
3275,4
3276,22
3277,14
3278,8
3279,14
3280,6
3281,18
3282,17
3283,2
3284,3
3285,16
3286,10
3287,18
3288,10
3289,12
3290,16
3291,6
3292,6
3293,13
3294,15
3295,0
3296,19
3297,6
3298,2
3299,21
3300,13
3301,11
3302,14
3303,7
3304,6
3305,12
3306,0
3307,3
3308,4
3309,13
3310,21
3311,7
3312,18
3313,17
3314,2
3315,0
3316,17
3317,14
3318,2
3319,21
3320,1
3321,18
3322,21
3323,8
3324,2
3325,15
3326,9
3327,9
3328,0
3329,10
3330,7
3331,3
3332,1
3333,16
3334,8
3335,22
3336,10
3337,15
3338,2
3339,18
3340,15
3341,13
3342,9
3343,1
3344,2
3345,7
3346,13
3347,3
3348,18
3349,18
3350,21
3351,13
3352,11
3353,9
3354,21
3355,10
3356,9
3357,9
3358,10
3359,19
3360,12
3361,1
3362,0
3363,7
3364,2
3365,8
3366,19
3367,11
3368,4
3369,20
3370,15
3371,1
3372,6
3373,6
3374,11
3375,8
3376,21
3377,16
3378,3
3379,17
3380,2
3381,15
3382,10
3383,2
3384,14
3385,8
3386,5
3387,19
3388,9
3389,7
3390,5
3391,6
3392,12
3393,18
3394,12
3395,13
3396,19
3397,21
3398,14
3399,20
3400,7
3401,1
3402,18
3403,6
3404,22
3405,18
3406,11
3407,2
3408,3
3409,9
3410,3
3411,11
3412,11
3413,17
3414,8
3415,11
3416,19
3417,22
3418,21
3419,13
3420,22
3421,14
3422,13
3423,4
3424,0
3425,5
3426,9
3427,19
3428,17
3429,0
3430,2
3431,4
3432,2
3433,13
3434,9
3435,16
3436,19
3437,17
3438,20
3439,13
3440,17
3441,16
3442,2
3443,22
3444,4
3445,21
3446,1
3447,11
3448,13
3449,11
3450,13
3451,6
3452,2
3453,17
3454,14
3455,13
3456,8
3457,16
3458,8
3459,22
3460,3
3461,2
3462,11
3463,18
3464,19
3465,11
3466,8
3467,14
3468,16
3469,13
3470,5
3471,11
3472,6
3473,15
3474,3
3475,5
3476,8
3477,15
3478,13
3479,10
3480,19
3481,8
3482,13
3483,13
3484,6
3485,19
3486,19
3487,17
3488,7
3489,13
3490,11
3491,3
3492,4
3493,8
3494,11
3495,22
3496,16
3497,7
3498,16
3499,21
3500,6
3501,11
3502,4
3503,15
3504,14
3505,19
3506,8
3507,18
3508,22
3509,19
3510,3
3511,16
3512,1
3513,2
3514,5
3515,5
3516,17
3517,2
3518,13
3519,20
3520,6
3521,21
3522,9
3523,17
3524,6
3525,22
3526,5
3527,7
3528,4
3529,22
3530,11
3531,9
3532,4
3533,18
3534,19
3535,3
3536,5
3537,16
3538,12
3539,0
3540,5
3541,17
3542,16
3543,17
3544,16
3545,8
3546,1
3547,12
3548,20
3549,17
3550,5
3551,5
3552,3
3553,19
3554,19
3555,16
3556,11
3557,5
3558,3
3559,0
3560,7
3561,18
3562,19
3563,20
3564,0
3565,16
3566,6
3567,12
3568,3
3569,17
3570,10
3571,19
3572,1
3573,4
3574,0
3575,21
3576,4
3577,21
3578,16
3579,11
3580,2
3581,10
3582,14
3583,3
3584,9
3585,14
3586,9
3587,17
3588,14
3589,11
3590,17
3591,13
3592,14
3593,9
3594,5
3595,1
3596,15
3597,14
3598,19
3599,6
3600,5
3601,15
3602,20
3603,13
3604,16
3605,18
3606,14
3607,15
3608,6
3609,22
3610,1
3611,20
3612,14
3613,19
3614,18
3615,1
3616,0
3617,16
3618,6
3619,20
3620,22
3621,16
3622,8
3623,2
3624,10
3625,12
3626,19
3627,9
3628,13
3629,1
3630,5
3631,12
3632,8
3633,0
3634,13
3635,17
3636,21
3637,14
3638,20
3639,9
3640,22
3641,20
3642,19
3643,5
3644,16
3645,7
3646,2
3647,4
3648,2
3649,21
3650,2
3651,4
3652,19
3653,8
3654,7
3655,11
3656,12
3657,3
3658,3
3659,15
3660,19
3661,17
3662,9
3663,1
3664,4
3665,12
3666,3
3667,4
3668,5
3669,20
3670,13
3671,5
3672,10
3673,10
3674,19
3675,11
3676,12
3677,5
3678,12
3679,8
3680,14
3681,18
3682,5
3683,20
3684,13
3685,4
3686,19
3687,0
3688,17
3689,18
3690,9
3691,13
3692,22
3693,4
3694,4
3695,16
3696,1
3697,15
3698,4
3699,1
3700,14
3701,13
3702,15
3703,13
3704,16
3705,11
3706,1
3707,0
3708,21
3709,4
3710,15
3711,22
3712,13
3713,18
3714,3
3715,18
3716,17
3717,3
3718,20
3719,11
3720,7
3721,2
3722,9
3723,3
3724,5
3725,14
3726,19
3727,11
3728,11
3729,19
3730,14
3731,15
3732,5
3733,13
3734,1
3735,6
3736,17
3737,13
3738,19
3739,20
3740,19
3741,4
3742,12
3743,22
3744,3
3745,14
3746,1
3747,2
3748,12
3749,20
3750,14
3751,8
3752,0
3753,8
3754,18
3755,4
3756,2
3757,3
3758,1
3759,2
3760,4
3761,5
3762,8
3763,21
3764,11
3765,19
3766,3
3767,2
3768,1
3769,18
3770,11
3771,8
3772,13
3773,3
3774,6
3775,1
3776,22
3777,4
3778,18
3779,20
3780,15
3781,20
3782,17
3783,12
3784,21
3785,18
3786,19
3787,1
3788,1
3789,17
3790,4
3791,15
3792,11
3793,6
3794,1
3795,5
3796,14
3797,4
3798,13
3799,3
3800,9
3801,7
3802,18
3803,18
3804,1
3805,21
3806,14
3807,0
3808,10
3809,13
3810,18
3811,11
3812,2
3813,5
3814,11
3815,1
3816,4
3817,15
3818,18
3819,14
3820,2
3821,22
3822,3
3823,20
3824,12
3825,11
3826,22
3827,18
3828,7
3829,1
3830,10
3831,17
3832,11
3833,1
3834,7
3835,12
3836,3
3837,21
3838,21
3839,13
3840,15
3841,21
3842,15
3843,12
3844,15
3845,6
3846,15
3847,8
3848,2
3849,2
3850,6
3851,18
3852,6
3853,14
3854,14
3855,3
3856,6
3857,6
3858,12
3859,12
3860,14
3861,14
3862,12
3863,3
3864,19
3865,7
3866,18
3867,21
3868,21
3869,11
3870,8
3871,21
3872,18
3873,4
3874,9
3875,7
3876,22
3877,3
3878,20
3879,18
3880,6
3881,18
3882,17
3883,20
3884,20
3885,0
3886,16
3887,17
3888,15
3889,9
3890,21
3891,8
3892,22
3893,1
3894,9
3895,0
3896,14
3897,22
3898,9
3899,9
3900,16
3901,9
3902,8
3903,3
3904,9
3905,4
3906,15
3907,5
3908,17
3909,19
3910,16
3911,16
3912,0
3913,4
3914,6
3915,21
3916,1
3917,13
3918,13
3919,15
3920,22
3921,7
3922,0
3923,15
3924,3
3925,14
3926,3
3927,15
3928,19
3929,6
3930,10
3931,19
3932,10
3933,14
3934,5
3935,10
3936,21
3937,15
3938,9
3939,11
3940,22
3941,19
3942,2
3943,22
3944,13
3945,2
3946,0
3947,17
3948,10
3949,6
3950,21
3951,21
3952,13
3953,2
3954,10
3955,12
3956,4
3957,5
3958,17
3959,2
3960,15
3961,11
3962,19
3963,4
3964,1
3965,9
3966,4
3967,7
3968,4
3969,3
3970,19
3971,9
3972,15
3973,10
3974,1
3975,1
3976,15
3977,13
3978,12
3979,8
3980,9
3981,21
3982,13
3983,21
3984,16
3985,21
3986,1
3987,6
3988,6
3989,16
3990,12
3991,17
3992,5
3993,19
3994,12
3995,15
3996,6
3997,9
3998,17
3999,15
4000,13
4001,2
4002,21
4003,2
4004,6
4005,7
4006,18
4007,17
4008,18
4009,4
4010,14
4011,3
4012,13
4013,18
4014,5
4015,22
4016,5
4017,8
4018,18
4019,9
4020,1
4021,13
4022,0
4023,3
4024,8
4025,2
4026,16
4027,22
4028,9
4029,1
4030,7
4031,2
4032,14
4033,15
4034,7
4035,1
4036,17
4037,12
4038,7
4039,9
4040,9
4041,7
4042,0
4043,10
4044,1
4045,21
4046,10
4047,2
4048,6
4049,9
4050,2
4051,5
4052,14
4053,19
4054,1
4055,5
4056,17
4057,3
4058,0
4059,18
4060,6
4061,7
4062,19
4063,20
4064,8
4065,2
4066,10
4067,15
4068,21
4069,16
4070,7
4071,5
4072,20
4073,6
4074,1
4075,1
4076,17
4077,22
4078,9
4079,10
4080,18
4081,3
4082,12
4083,9
4084,7
4085,1
4086,2
4087,8
4088,1
4089,10
4090,8
4091,20
4092,17
4093,18
4094,18
4095,19
4096,19
4097,6
4098,16
4099,1
4100,21
4101,12
4102,22
4103,4
4104,3
4105,10
4106,3
4107,16
4108,16
4109,11
4110,14
4111,18
4112,7
4113,15
4114,12
4115,19
4116,21
4117,10
4118,0
4119,6
4120,15
4121,18
4122,2
4123,10
4124,21
4125,11
4126,6
4127,19
4128,21
4129,18
4130,7
4131,11
4132,12
4133,17
4134,9
4135,0
4136,0
4137,19
4138,2
4139,2
4140,9
4141,7
4142,15
4143,5
4144,13
4145,6
4146,19
4147,3
4148,12
4149,17
4150,3
4151,22
4152,6
4153,21
4154,12
4155,5
4156,4
4157,19
4158,0
4159,3
4160,18
4161,11
4162,4
4163,9
4164,4
4165,1
4166,13
4167,15
4168,5
4169,20
4170,2
4171,13
4172,13
4173,0
4174,11
4175,10
4176,17
4177,13
4178,2
4179,14
4180,19
4181,5
4182,20
4183,7
4184,21
4185,0
4186,9
4187,8
4188,1
4189,10
4190,14
4191,15
4192,2
4193,20
4194,18
4195,6
4196,12
4197,18
4198,20
4199,5
4200,14
4201,5
4202,4
4203,6
4204,19
4205,1
4206,17
4207,2
4208,4
4209,16
4210,0
4211,0
4212,4
4213,15
4214,20
4215,5
4216,2
4217,10
4218,2
4219,3
4220,7
4221,5
4222,3
4223,12
4224,10
4225,9
4226,12
4227,20
4228,13
4229,21
4230,19
4231,9
4232,14
4233,3
4234,18
4235,16
4236,0
4237,8
4238,8
4239,4
4240,17
4241,9
4242,0
4243,7
4244,12
4245,20
4246,3
4247,10
4248,11
4249,12
4250,3
4251,21
4252,18
4253,10
4254,4
4255,6
4256,15
4257,5
4258,14
4259,14
4260,12
4261,0
4262,9
4263,20
4264,17
4265,16
4266,5
4267,22
4268,9
4269,1
4270,6
4271,17
4272,22
4273,3
4274,2
4275,8
4276,16
4277,11
4278,13
4279,6
4280,17
4281,6
4282,19
4283,0
4284,8
4285,16
4286,15
4287,22
4288,4
4289,0
4290,21
4291,9
4292,3
4293,3
4294,4
4295,4
4296,1
4297,22
4298,19
4299,22
4300,8
4301,12
4302,16
4303,21
4304,12
4305,11
4306,15
4307,21
4308,14
4309,4
4310,6
4311,17
4312,16
4313,4
4314,18
4315,18
4316,21
4317,19
4318,8
4319,8
4320,20
4321,11
4322,6
4323,18
4324,6
4325,21
4326,5
4327,7
4328,11
4329,8
4330,7
4331,2
4332,15
4333,3
4334,12
4335,21
4336,15
4337,10
4338,21
4339,13
4340,22
4341,3
4342,15
4343,8
4344,0
4345,20
4346,20
4347,16
4348,15
4349,17
4350,0
4351,16
4352,9
4353,7
4354,4
4355,9
4356,12
4357,12
4358,9
4359,11
4360,4
4361,11
4362,17
4363,19
4364,5
4365,0
4366,9
4367,15
4368,2
4369,1
4370,6
4371,1
4372,15
4373,11
4374,19
4375,6
4376,11
4377,12
4378,16
4379,22
4380,1
4381,21
4382,11
4383,5
4384,14
4385,13
4386,20
4387,15
4388,5
4389,16
4390,4
4391,22
4392,5
4393,14
4394,9
4395,11
4396,20
4397,3
4398,18
4399,21
4400,4
4401,10
4402,14
4403,0
4404,17
4405,21
4406,9
4407,0
4408,17
4409,21
4410,22
4411,1
4412,9
4413,9
4414,22
4415,13
4416,5
4417,15
4418,17
4419,0
4420,21
4421,21
4422,16
4423,21
4424,8
4425,18
4426,19
4427,17
4428,4
4429,0
4430,2
4431,8
4432,0
4433,7
4434,8
4435,17
4436,17
4437,21
4438,3
4439,8
4440,7
4441,19
4442,12
4443,16
4444,2
4445,22
4446,17
4447,8
4448,1
4449,21
4450,3
4451,16
4452,21
4453,19
4454,7
4455,0
4456,3
4457,7
4458,3
4459,5
4460,1
4461,16
4462,20
4463,22
4464,4
4465,4
4466,10
4467,2
4468,14
4469,22
4470,3
4471,22
4472,18
4473,8
4474,7
4475,11
4476,13
4477,6
4478,6
4479,20
4480,8
4481,11
4482,10
4483,1
4484,21
4485,20
4486,6
4487,3
4488,19
4489,18
4490,22
4491,22
4492,12
4493,1
4494,4
4495,1
4496,15
4497,4
4498,17
4499,14
4500,6
4501,2
4502,10
4503,0
4504,21
4505,1
4506,3
4507,12
4508,11
4509,7
4510,11
4511,21
4512,17
4513,12
4514,17
4515,4
4516,8
4517,11
4518,4
4519,14
4520,14
4521,19
4522,5
4523,18
4524,16
4525,0
4526,4
4527,1
4528,18
4529,6
4530,22
4531,21
4532,0
4533,0
4534,21
4535,15
4536,10
4537,5
4538,10
4539,19
4540,21
4541,3
4542,16
4543,1
4544,8
4545,18
4546,0
4547,12
4548,11
4549,5
4550,9
4551,13
4552,7
4553,22
4554,17
4555,7
4556,16
4557,9
4558,9
4559,1
4560,21
4561,10
4562,21
4563,21
4564,9
4565,8
4566,9
4567,5
4568,11
4569,14
4570,17
4571,13
4572,15
4573,13
4574,14
4575,21
4576,2
4577,13
4578,1
4579,11
4580,13
4581,1
4582,6
4583,19
4584,7
4585,14
4586,16
4587,7
4588,7
4589,14
4590,15
4591,17
4592,10
4593,13
4594,14
4595,20
4596,19
4597,0
4598,3
4599,19
4600,19
4601,17
4602,20
4603,0
4604,17
4605,11
4606,19
4607,4
4608,11
4609,15
4610,12
4611,20
4612,5
4613,5
4614,4
4615,8
4616,13
4617,6
4618,14
4619,22
4620,15
4621,0
4622,2
4623,6
4624,15
4625,3
4626,11
4627,9
4628,22
4629,15
4630,8
4631,3
4632,12
4633,20
4634,10
4635,15
4636,3
4637,14
4638,11
4639,18
4640,11
4641,9
4642,8
4643,10
4644,6
4645,0
4646,18
4647,15
4648,14
4649,17
4650,6
4651,17
4652,16
4653,17
4654,18
4655,15
4656,13
4657,8
4658,20
4659,17
4660,4
4661,6
4662,14
4663,6
4664,7
4665,12
4666,12
4667,3
4668,3
4669,19
4670,15
4671,9
4672,6
4673,19
4674,0
4675,17
4676,16
4677,20
4678,12
4679,5
4680,9
4681,16
4682,4
4683,6
4684,4
4685,3
4686,1
4687,3
4688,20
4689,18
4690,15
4691,0
4692,19
4693,16
4694,8
4695,19
4696,18
4697,18
4698,22
4699,2
4700,4
4701,2
4702,0
4703,14
4704,16
4705,8
4706,7
4707,21
4708,14
4709,6
4710,2
4711,4
4712,4
4713,12
4714,3
4715,11
4716,13
4717,6
4718,11
4719,8
4720,4
4721,18
4722,10
4723,19
4724,9
4725,1
4726,1
4727,22
4728,19
4729,19
4730,11
4731,15
4732,8
4733,6
4734,1
4735,1
4736,20
4737,15
4738,12
4739,7
4740,8
4741,2
4742,2
4743,3
4744,7
4745,5
4746,13
4747,20
4748,18
4749,8
4750,8
4751,12
4752,8
4753,7
4754,18
4755,16
4756,19
4757,20
4758,6
4759,15
4760,6
4761,0
4762,7
4763,10
4764,12
4765,7
4766,8
4767,8
4768,9
4769,3
4770,8
4771,3
4772,5
4773,5
4774,5
4775,19
4776,12
4777,14
4778,2
4779,20
4780,5
4781,12
4782,8
4783,11
4784,15
4785,14
4786,2
4787,20
4788,12
4789,18
4790,3
4791,10
4792,22
4793,1
4794,18
4795,20
4796,7
4797,21
4798,18
4799,12
4800,16
4801,9
4802,16
4803,11
4804,1
4805,17
4806,15
4807,18
4808,11
4809,7
4810,22
4811,16
4812,21
4813,8
4814,13
4815,19
4816,3
4817,5
4818,8
4819,9
4820,8
4821,9
4822,12
4823,8
4824,12
4825,20
4826,13
4827,3
4828,5
4829,17
4830,5
4831,3
4832,7
4833,8
4834,5
4835,19
4836,22
4837,4
4838,7
4839,7
4840,19
4841,18
4842,16
4843,8
4844,15
4845,14
4846,15
4847,17
4848,6
4849,9
4850,9
4851,0
4852,19
4853,12
4854,19
4855,4
4856,10
4857,6
4858,8
4859,2
4860,12
4861,21
4862,8
4863,11
4864,15
4865,6
4866,18
4867,6
4868,6
4869,21
4870,13
4871,19
4872,21
4873,19
4874,5
4875,8
4876,10
4877,8
4878,14
4879,3
4880,5
4881,0
4882,5
4883,4
4884,3
4885,8
4886,9
4887,3
4888,17
4889,15
4890,11
4891,12
4892,4
4893,4
4894,22
4895,8
4896,2
4897,9
4898,0
4899,11
4900,3
4901,19
4902,6
4903,11
4904,15
4905,12
4906,10
4907,1
4908,16
4909,17
4910,16
4911,12
4912,17
4913,4
4914,11
4915,13
4916,10
4917,13
4918,11
4919,16
4920,15
4921,10
4922,0
4923,3
4924,3
4925,1
4926,5
4927,19
4928,4
4929,3
4930,14
4931,13
4932,9
4933,0
4934,3
4935,9
4936,20
4937,2
4938,7
4939,0
4940,10
4941,21
4942,18
4943,10
4944,4
4945,4
4946,11
4947,8
4948,8
4949,6
4950,6
4951,22
4952,15
4953,4
4954,5
4955,12
4956,9
4957,5
4958,12
4959,9
4960,17
4961,10
4962,19
4963,2
4964,21
4965,9
4966,18
4967,8
4968,11
4969,0
4970,10
4971,22
4972,8
4973,10
4974,9
4975,7
4976,5
4977,1
4978,14
4979,5
4980,10
4981,14
4982,12
4983,4
4984,2
4985,21
4986,4
4987,15
4988,21
4989,18
4990,4
4991,14
4992,19
4993,8
4994,13
4995,16
4996,16
4997,6
4998,4
4999,15
5000,1
5001,20
5002,9
5003,18
5004,18
5005,14
5006,6
5007,13
5008,21
5009,22
5010,10
5011,15
5012,8
5013,1
5014,18
5015,15
5016,17
5017,13
5018,8
5019,21
5020,8
5021,22
5022,8
5023,6
5024,19
5025,9
5026,15
5027,19
5028,2
5029,10
5030,21
5031,10
5032,22
5033,9
5034,13
5035,7
5036,15
5037,8
5038,15
5039,16
5040,21
5041,20
5042,17
5043,6
5044,1
5045,14
5046,17
5047,7
5048,11
5049,12
5050,4
5051,16
5052,7
5053,19
5054,3
5055,17
5056,18
5057,20
5058,22
5059,21
5060,16
5061,6
5062,21
5063,2
5064,3
5065,4
5066,13
5067,8
5068,12
5069,22
5070,18
5071,8
5072,5
5073,1
5074,19
5075,8
5076,14
5077,13
5078,2
5079,2
5080,9
5081,17
5082,6
5083,0
5084,15
5085,20
5086,18
5087,11
5088,12
5089,19
5090,1
5091,4
5092,12
5093,9
5094,15
5095,17
5096,7
5097,14
5098,7
5099,22
5100,12
5101,8
5102,5
5103,9
5104,10
5105,1
5106,21
5107,22
5108,6
5109,7
5110,12
5111,3
5112,20
5113,12
5114,12
5115,7
5116,3
5117,18
5118,8
5119,16
5120,11
5121,18
5122,7
5123,5
5124,3
5125,1
5126,9
5127,12
5128,18
5129,0
5130,9
5131,4
5132,5
5133,17
5134,15
5135,14
5136,16
5137,16
5138,5
5139,2
5140,8
5141,7
5142,16
5143,13
5144,22
5145,8
5146,19
5147,10
5148,22
5149,16
5150,9
5151,1
5152,7
5153,6
5154,11
5155,6
5156,22
5157,5
5158,11
5159,13
5160,0
5161,14
5162,8
5163,9
5164,14
5165,1
5166,17
5167,22
5168,9
5169,19
5170,15
5171,6
5172,20
5173,9
5174,2
5175,7
5176,15
5177,13
5178,10
5179,15
5180,2
5181,5
5182,21
5183,18
5184,14
5185,1
5186,16
5187,15
5188,17
5189,20
5190,21
5191,17
5192,7
5193,14
5194,21
5195,9
5196,12
5197,19
5198,13
5199,19
5200,22
5201,7
5202,12
5203,0
5204,12
5205,18
5206,3
5207,12
5208,10
5209,11
5210,5
5211,20
5212,22
5213,3
5214,15
5215,2
5216,10
5217,7
5218,11
5219,5
5220,6
5221,15
5222,14
5223,12
5224,20
5225,7
5226,1
5227,2
5228,1
5229,14
5230,6
5231,5
5232,21
5233,14
5234,13
5235,11
5236,2
5237,22
5238,5
5239,4
5240,10
5241,5
5242,18
5243,3
5244,6
5245,0
5246,13
5247,7
5248,21
5249,2
5250,3
5251,5
5252,0
5253,20
5254,2
5255,15
5256,12
5257,17
5258,19
5259,0
5260,14
5261,2
5262,3
5263,14
5264,9
5265,15
5266,6
5267,6
5268,1
5269,8
5270,14
5271,8
5272,17
5273,6
5274,18
5275,4
5276,22
5277,10
5278,12
5279,11
5280,1
5281,16
5282,0
5283,20
5284,12
5285,13
5286,15
5287,21
5288,20
5289,19
5290,22
5291,20
5292,0
5293,4
5294,15
5295,14
5296,20
5297,6
5298,8
5299,1
5300,0
5301,13
5302,18
5303,0
5304,11
5305,2
5306,16
5307,1
5308,3
5309,21
5310,16
5311,21
5312,18
5313,1
5314,8
5315,16
5316,19
5317,3
5318,6
5319,3
5320,4
5321,18
5322,14
5323,19
5324,12
5325,17
5326,12
5327,11
5328,6
5329,16
5330,17
5331,6
5332,9
5333,3
5334,8
5335,1
5336,5
5337,12
5338,13
5339,3
5340,0
5341,7
5342,19
5343,4
5344,15
5345,1
5346,17
5347,3
5348,9
5349,16
5350,6
5351,6
5352,10
5353,19
5354,4
5355,18
5356,2
5357,19
5358,10
5359,10
5360,7
5361,6
5362,0
5363,3
5364,4
5365,15
5366,20
5367,3
5368,14
5369,14
5370,6
5371,21
5372,16
5373,4
5374,15
5375,22
5376,21
5377,15
5378,6
5379,22
5380,22
5381,11
5382,11
5383,2
5384,12
5385,17
5386,22
5387,12
5388,3
5389,8
5390,15
5391,3
5392,0
5393,6
5394,12
5395,9
5396,21
5397,6
5398,7
5399,0
5400,4
5401,14
5402,11
5403,21
5404,21
5405,13
5406,14
5407,9
5408,8
5409,19
5410,5
5411,17
5412,15
5413,10
5414,18
5415,8
5416,1
5417,21
5418,11
5419,0
5420,6
5421,18
5422,13
5423,20
5424,22
5425,9
5426,6
5427,20
5428,16
5429,10
5430,16
5431,19
5432,1
5433,8
5434,16
5435,19
5436,22
5437,17
5438,4
5439,5
5440,0
5441,5
5442,22
5443,0
5444,0
5445,11
5446,14
5447,1
5448,8
5449,11
5450,10
5451,2
5452,16
5453,20
5454,12
5455,15
5456,21
5457,14
5458,3
5459,8
5460,6
5461,6
5462,18
5463,4
5464,10
5465,20
5466,0
5467,13
5468,14
5469,3
5470,12
5471,3
5472,20
5473,3
5474,8
5475,10
5476,13
5477,9
5478,17
5479,11
5480,12
5481,16
5482,15
5483,1
5484,16
5485,17
5486,0
5487,14
5488,15
5489,7
5490,9
5491,19
5492,6
5493,13
5494,21
5495,7
5496,11
5497,16
5498,2
5499,17
5500,14
5501,0
5502,12
5503,21
5504,16
5505,8
5506,6
5507,2
5508,20
5509,21
5510,4
5511,18
5512,15
5513,20
5514,1
5515,10
5516,13
5517,20
5518,2
5519,10
5520,14
5521,2
5522,3
5523,6
5524,7
5525,16
5526,20
5527,6
5528,1
5529,20
5530,3
5531,5
5532,9
5533,19
5534,13
5535,19
5536,8
5537,21
5538,13
5539,5
5540,20
5541,6
5542,13
5543,3
5544,9
5545,9
5546,8
5547,17
5548,3
5549,12
5550,15
5551,8
5552,22
5553,10
5554,14
5555,10
5556,0
5557,1
5558,17
5559,18
5560,0
5561,22
5562,0
5563,19
5564,14
5565,20
5566,20
5567,0
5568,12
5569,0
5570,19
5571,13
5572,15
5573,17
5574,14
5575,8
5576,7
5577,15
5578,22
5579,10
5580,4
5581,2
5582,11
5583,7
5584,5
5585,2
5586,22
5587,15
5588,20
5589,19
5590,22
5591,11
5592,19
5593,2
5594,13
5595,22
5596,2
5597,11
5598,15
5599,2
5600,10
5601,18
5602,18
5603,10
5604,8
5605,19
5606,21
5607,22
5608,2
5609,4
5610,2
5611,5
5612,18
5613,2
5614,1
5615,21
5616,19
5617,9
5618,4
5619,20
5620,15
5621,3
5622,12
5623,2
5624,3
5625,10
5626,18
5627,22
5628,17
5629,8
5630,16
5631,7
5632,0
5633,4
5634,10
5635,19
5636,3
5637,1
5638,1
5639,3
5640,15
5641,3
5642,22
5643,10
5644,9
5645,20
5646,6
5647,9
5648,17
5649,22
5650,16
5651,9
5652,6
5653,9
5654,5
5655,2
5656,5
5657,7
5658,11
5659,7
5660,15
5661,3
5662,13
5663,1
5664,8
5665,21
5666,21
5667,2
5668,12
5669,8
5670,18
5671,5
5672,6
5673,8
5674,7
5675,2
5676,14
5677,17
5678,11
5679,22
5680,22
5681,0
5682,15
5683,19
5684,19
5685,17
5686,16
5687,17
5688,8
5689,12
5690,11
5691,18
5692,14
5693,13
5694,9
5695,2
5696,8
5697,2
5698,10
5699,4
5700,14
5701,7
5702,9
5703,10
5704,11
5705,17
5706,20
5707,17
5708,2
5709,8
5710,8
5711,16
5712,12
5713,0
5714,8
5715,16
5716,15
5717,4
5718,5
5719,6
5720,9
5721,18
5722,9
5723,6
5724,3
5725,3
5726,0
5727,2
5728,9
5729,20
5730,15
5731,15
5732,16
5733,1
5734,8
5735,17
5736,17
5737,8
5738,5
5739,14
5740,10
5741,21
5742,22
5743,18
5744,20
5745,9
5746,19
5747,22
5748,11
5749,2
5750,4
5751,2
5752,13
5753,0
5754,16
5755,20
5756,4
5757,9
5758,21
5759,4
5760,16
5761,0
5762,0
5763,3
5764,9
5765,3
5766,15
5767,9
5768,17
5769,15
5770,8
5771,20
5772,0
5773,8
5774,15
5775,9
5776,20
5777,17
5778,16
5779,22
5780,21
5781,2
5782,1
5783,20
5784,8
5785,16
5786,22
5787,21
5788,18
5789,15
5790,21
5791,13
5792,15
5793,13
5794,11
5795,15
5796,6
5797,7
5798,11
5799,16
5800,12
5801,3
5802,10
5803,0
5804,10
5805,16
5806,20
5807,21
5808,20
5809,8
5810,10
5811,21
5812,21
5813,17
5814,15
5815,0
5816,6
5817,17
5818,20
5819,13
5820,21
5821,6
5822,12
5823,4
5824,14
5825,22
5826,16
5827,0
5828,7
5829,5
5830,9
5831,5
5832,14
5833,22
5834,9
5835,10
5836,21
5837,22
5838,8
5839,3
5840,22
5841,16
5842,20
5843,1
5844,9
5845,19
5846,20
5847,9
5848,2
5849,7
5850,0
5851,14
5852,20
5853,1
5854,3
5855,7
5856,14
5857,14
5858,15
5859,9
5860,14
5861,22
5862,7
5863,0
5864,15
5865,22
5866,21
5867,10
5868,19
5869,17
5870,17
5871,22
5872,14
5873,17
5874,5
5875,10
5876,4
5877,7
5878,10
5879,22
5880,22
5881,10
5882,3
5883,8
5884,2
5885,17
5886,12
5887,17
5888,8
5889,17
5890,18
5891,19
5892,5
5893,14
5894,2
5895,20
5896,20
5897,9
5898,5
5899,6
5900,5
5901,1
5902,15
5903,22
5904,10
5905,14
5906,13
5907,4
5908,5
5909,10
5910,9
5911,20
5912,6
5913,14
5914,17
5915,6
5916,1
5917,12
5918,15
5919,7
5920,17
5921,16
5922,0
5923,11
5924,10
5925,8
5926,15
5927,13
5928,22
5929,10
5930,1
5931,18
5932,21
5933,12
5934,11
5935,12
5936,3
5937,10
5938,12
5939,12
5940,10
5941,9
5942,12
5943,0
5944,15
5945,20
5946,2
5947,19
5948,11
5949,7
5950,0
5951,20
5952,19
5953,1
5954,6
5955,21
5956,7
5957,6
5958,9
5959,22
5960,8
5961,21
5962,9
5963,11
5964,15
5965,13
5966,20
5967,21
5968,22
5969,16
5970,18
5971,9
5972,10
5973,19
5974,11
5975,15
5976,1
5977,1
5978,16
5979,17
5980,18
5981,6
5982,6
5983,9
5984,10
5985,11
5986,11
5987,21
5988,9
5989,14
5990,13
5991,12
5992,9
5993,4
5994,3
5995,16
5996,8
5997,10
5998,15
5999,2
6000,14
6001,0
6002,7
6003,16
6004,16
6005,15
6006,11
6007,10
6008,1
6009,4
6010,10
6011,0
6012,4
6013,21
6014,18
6015,10
6016,0
6017,7
6018,5
6019,20
6020,22
6021,22
6022,4
6023,10
6024,3
6025,4
6026,11
6027,8
6028,20
6029,21
6030,6
6031,21
6032,17
6033,11
6034,0
6035,13
6036,0
6037,0
6038,11
6039,8
6040,1
6041,14
6042,19
6043,16
6044,0
6045,18
6046,3
6047,2
6048,22
6049,18
6050,12
6051,7
6052,16
6053,22
6054,17
6055,9
6056,15
6057,22
6058,17
6059,5
6060,1
6061,13
6062,12
6063,20
6064,11
6065,4
6066,18
6067,13
6068,9
6069,0
6070,19
6071,18
6072,8
6073,18
6074,17
6075,14
6076,9
6077,4
6078,9
6079,12
6080,14
6081,4
6082,11
6083,10
6084,12
6085,1
6086,16
6087,14
6088,0
6089,13
6090,6
6091,3
6092,17
6093,7
6094,13
6095,0
6096,17
6097,11
6098,8
6099,0
6100,4
6101,16
6102,19
6103,19
6104,4
6105,16
6106,14
6107,15
6108,16
6109,10
6110,13
6111,10
6112,0
6113,13
6114,19
6115,7
6116,10
6117,14
6118,14
6119,8
6120,14
6121,8
6122,15
6123,3
6124,21
6125,9
6126,13
6127,18
6128,17
6129,9
6130,17
6131,2
6132,20
6133,8
6134,22
6135,0
6136,2
6137,2
6138,8
6139,20
6140,16
6141,0
6142,15
6143,11
6144,0
6145,7
6146,22
6147,11
6148,22
6149,3
6150,3
6151,10
6152,5
6153,4
6154,19
6155,1
6156,11
6157,0
6158,10
6159,2
6160,8
6161,0
6162,6
6163,8
6164,16
6165,3
6166,0
6167,13
6168,19
6169,9
6170,22
6171,15
6172,22
6173,16
6174,12
6175,9
6176,2
6177,10
6178,10
6179,12
6180,13
6181,21
6182,15
6183,9
6184,7
6185,18
6186,16
6187,12
6188,11
6189,19
6190,8
6191,10
6192,16
6193,5
6194,17
6195,18
6196,8
6197,20
6198,12
6199,9
6200,7
6201,22
6202,8
6203,18
6204,6
6205,9
6206,4
6207,4
6208,1
6209,6
6210,0
6211,8
6212,15
6213,11
6214,0
6215,21
6216,3
6217,4
6218,14
6219,4
6220,5
6221,13
6222,14
6223,11
6224,9
6225,2
6226,19
6227,13
6228,19
6229,20
6230,22
6231,21
6232,12
6233,22
6234,15
6235,11
6236,2
6237,13
6238,17
6239,1
6240,14
6241,3
6242,20
6243,6
6244,0
6245,10
6246,19
6247,22
6248,1
6249,11
6250,1
6251,19
6252,3
6253,2
6254,13
6255,7
6256,2
6257,2
6258,7
6259,18
6260,6
6261,1
6262,4
6263,19
6264,11
6265,21
6266,0
6267,13
6268,19
6269,19
6270,7
6271,11
6272,17
6273,19
6274,18
6275,1
6276,17
6277,18
6278,19
6279,4
6280,8
6281,3
6282,4
6283,18
6284,18
6285,3
6286,3
6287,17
6288,18
6289,8
6290,1
6291,13
6292,11
6293,19
6294,0
6295,3
6296,12
6297,17
6298,1
6299,5
6300,19
6301,5
6302,11
6303,14
6304,8
6305,1
6306,10
6307,18
6308,15
6309,13
6310,18
6311,16
6312,3
6313,15
6314,3
6315,16
6316,15
6317,0
6318,2
6319,20
6320,9
6321,13
6322,5
6323,1
6324,7
6325,20
6326,7
6327,16
6328,7
6329,7
6330,1
6331,14
6332,20
6333,4
6334,0
6335,1
6336,11
6337,10
6338,12
6339,3
6340,7
6341,1
6342,21
6343,0
6344,20
6345,14
6346,20
6347,15
6348,9
6349,9
6350,12
6351,16
6352,0
6353,19
6354,7
6355,5
6356,11
6357,10
6358,14
6359,15
6360,18
6361,10
6362,19
6363,7
6364,5
6365,4
6366,4
6367,4
6368,20
6369,6
6370,13
6371,20
6372,21
6373,2
6374,2
6375,3
6376,16
6377,11
6378,6
6379,16
6380,11
6381,11
6382,7
6383,11
6384,6
6385,8
6386,5
6387,4
6388,9
6389,12
6390,9
6391,8
6392,9
6393,16
6394,14
6395,1
6396,15
6397,18
6398,8
6399,19
6400,8
6401,22
6402,2
6403,11
6404,14
6405,18
6406,17
6407,3
6408,3
6409,5
6410,8
6411,11
6412,5
6413,22
6414,19
6415,18
6416,4
6417,12
6418,1
6419,12
6420,15
6421,14
6422,2
6423,0
6424,0
6425,7
6426,12
6427,15
6428,4
6429,7
6430,17
6431,2
6432,4
6433,11
6434,9
6435,20
6436,8
6437,20
6438,7
6439,9
6440,18
6441,2
6442,21
6443,5
6444,4
6445,16
6446,1
6447,4
6448,14
6449,2
6450,9
6451,3
6452,5
6453,20
6454,12
6455,19
6456,3
6457,9
6458,3
6459,7
6460,2
6461,17
6462,5
6463,22
6464,4
6465,18
6466,0
6467,16
6468,22
6469,4
6470,3
6471,21
6472,15
6473,0
6474,8
6475,17
6476,1
6477,20
6478,0
6479,20
6480,21
6481,15
6482,4
6483,11
6484,8
6485,19
6486,17
6487,20
6488,20
6489,22
6490,20
6491,14
6492,19
6493,5
6494,14
6495,12
6496,22
6497,6
6498,18
6499,16
6500,14
6501,15
6502,21
6503,19
6504,12
6505,19
6506,20
6507,8
6508,14
6509,3
6510,0
6511,0
6512,16
6513,13
6514,16
6515,8
6516,14
6517,1
6518,14
6519,7
6520,6
6521,15
6522,21
6523,4
6524,9
6525,3
6526,10
6527,3
6528,17
6529,5
6530,20
6531,4
6532,14
6533,4
6534,19
6535,6
6536,20
6537,8
6538,8
6539,20
6540,21
6541,22
6542,3
6543,8
6544,5
6545,22
6546,14
6547,1
6548,3
6549,13
6550,12
6551,12
6552,19
6553,15
6554,9
6555,21
6556,7
6557,3
6558,7
6559,10
6560,22
6561,4
6562,13
6563,3
6564,8
6565,1
6566,7
6567,8
6568,4
6569,0
6570,5
6571,13
6572,3
6573,6
6574,14
6575,17
6576,18
6577,22
6578,11
6579,16
6580,12
6581,13
6582,18
6583,7
6584,18
6585,3
6586,5
6587,12
6588,22
6589,3
6590,1
6591,20
6592,20
6593,1
6594,6
6595,10
6596,17
6597,20
6598,3
6599,5
6600,10
6601,8
6602,2
6603,13
6604,12
6605,20
6606,4
6607,12
6608,4
6609,20
6610,18
6611,11
6612,14
6613,17
6614,20
6615,19
6616,15
6617,8
6618,12
6619,1
6620,18
6621,17
6622,14
6623,19
6624,9
6625,7
6626,9
6627,7
6628,4
6629,16
6630,12
6631,11
6632,3
6633,6
6634,21
6635,14
6636,2
6637,17
6638,9
6639,9
6640,2
6641,17
6642,22
6643,3
6644,16
6645,11
6646,21
6647,2
6648,20
6649,10
6650,17
6651,17
6652,5
6653,0
6654,18
6655,3
6656,10
6657,3
6658,21
6659,5
6660,18
6661,21
6662,7
6663,14
6664,20
6665,20
6666,14
6667,20
6668,4
6669,12
6670,17
6671,10
6672,17
6673,8
6674,2
6675,11
6676,21
6677,10
6678,6
6679,1
6680,0
6681,4
6682,14
6683,18
6684,16
6685,21
6686,7
6687,19
6688,9
6689,0
6690,10
6691,15
6692,6
6693,20
6694,1
6695,5
6696,7
6697,22
6698,1
6699,10
6700,14
6701,2
6702,20
6703,17
6704,14
6705,16
6706,21
6707,17
6708,6
6709,7
6710,4
6711,18
6712,20
6713,19
6714,16
6715,7
6716,15
6717,14
6718,1
6719,4
6720,11
6721,6
6722,0
6723,14
6724,15
6725,6
6726,16
6727,11
6728,10
6729,13
6730,4
6731,17
6732,11
6733,2
6734,14
6735,4
6736,7
6737,20
6738,12
6739,19
6740,14
6741,6
6742,8
6743,11
6744,18
6745,0
6746,15
6747,16
6748,4
6749,11
6750,21
6751,17
6752,12
6753,9
6754,4
6755,10
6756,16
6757,13
6758,19
6759,22
6760,22
6761,20
6762,17
6763,18
6764,10
6765,5
6766,18
6767,11
6768,8
6769,14
6770,4
6771,21
6772,14
6773,8
6774,9
6775,13
6776,21
6777,18
6778,3
6779,1
6780,4
6781,0
6782,20
6783,20
6784,9
6785,9
6786,13
6787,5
6788,10
6789,3
6790,8
6791,18
6792,3
6793,13
6794,0
6795,15
6796,7
6797,13
6798,12
6799,19
6800,19
6801,5
6802,2
6803,18
6804,9
6805,10
6806,4
6807,1
6808,10
6809,1
6810,20
6811,7
6812,20
6813,18
6814,7
6815,21
6816,0
6817,19
6818,12
6819,22
6820,8
6821,20
6822,16
6823,20
6824,20
6825,21
6826,11
6827,11
6828,6
6829,1
6830,16
6831,8
6832,11
6833,6
6834,3
6835,1
6836,8
6837,2
6838,10
6839,6
6840,11
6841,22
6842,16
6843,12
6844,7
6845,1
6846,12
6847,7
6848,22
6849,10
6850,18
6851,22
6852,21
6853,0
6854,3
6855,2
6856,22
6857,2
6858,12
6859,17
6860,0
6861,4
6862,22
6863,10
6864,3
6865,5
6866,12
6867,18
6868,2
6869,0
6870,1
6871,20
6872,3
6873,1
6874,1
6875,12
6876,14
6877,19
6878,17
6879,22
6880,20
6881,22
6882,13
6883,3
6884,1
6885,8
6886,1
6887,1
6888,17
6889,12
6890,19
6891,12
6892,4
6893,14
6894,3
6895,19
6896,21
6897,15
6898,21
6899,11
6900,8
6901,10
6902,1
6903,21
6904,20
6905,12
6906,21
6907,22
6908,17
6909,13
6910,10
6911,4
6912,3
6913,21
6914,2
6915,4
6916,2
6917,13
6918,17
6919,16
6920,11
6921,15
6922,11
6923,21
6924,8
6925,3
6926,1
6927,17
6928,12
6929,10
6930,13
6931,8
6932,11
6933,15
6934,22
6935,2
6936,11
6937,10
6938,9
6939,8
6940,20
6941,7
6942,5
6943,19
6944,16
6945,16
6946,7
6947,5
6948,20
6949,3
6950,0
6951,15
6952,7
6953,18
6954,2
6955,5
6956,16
6957,14
6958,12
6959,4
6960,7
6961,0
6962,11
6963,3
6964,10
6965,16
6966,15
6967,4
6968,10
6969,19
6970,19
6971,7
6972,22
6973,1
6974,3
6975,0
6976,6
6977,19
6978,13
6979,17
6980,7
6981,18
6982,5
6983,12
6984,2
6985,17
6986,19
6987,0
6988,0
6989,11
6990,22
6991,14
6992,0
6993,3
6994,8
6995,22
6996,11
6997,22
6998,2
6999,6
7000,10
7001,20
7002,10
7003,0
7004,15
7005,13
7006,2
7007,18
7008,7
7009,4
7010,10
7011,2
7012,5
7013,19
7014,21
7015,16
7016,8
7017,21
7018,21
7019,16
7020,10
7021,15
7022,21
7023,12
7024,2
7025,8
7026,7
7027,12
7028,12
7029,19
7030,10
7031,21
7032,6
7033,2
7034,0
7035,8
7036,4
7037,16
7038,7
7039,7
7040,12
7041,21
7042,11
7043,4
7044,6
7045,12
7046,17
7047,17
7048,22
7049,7
7050,5
7051,15
7052,20
7053,9
7054,18
7055,8
7056,1
7057,0
7058,12
7059,3
7060,7
7061,7
7062,14
7063,13
7064,13
7065,11
7066,21
7067,13
7068,21
7069,2
7070,4
7071,11
7072,3
7073,7
7074,7
7075,22
7076,16
7077,13
7078,13
7079,21
7080,6
7081,6
7082,15
7083,5
7084,5
7085,19
7086,16
7087,10
7088,22
7089,6
7090,16
7091,18
7092,20
7093,16
7094,22
7095,7
7096,17
7097,16
7098,19
7099,0
7100,20
7101,10
7102,13
7103,5
7104,18
7105,6
7106,9
7107,5
7108,4
7109,17
7110,16
7111,9
7112,11
7113,7
7114,1
7115,18
7116,16
7117,7
7118,6
7119,5
7120,4
7121,21
7122,3
7123,9
7124,17
7125,4
7126,11
7127,7
7128,3
7129,14
7130,4
7131,20
7132,3
7133,21
7134,22
7135,1
7136,6
7137,2
7138,0
7139,12
7140,21
7141,2
7142,21
7143,16
7144,15
7145,1
7146,19
7147,18
7148,21
7149,22
7150,22
7151,11
7152,4
7153,6
7154,22
7155,1
7156,8
7157,8
7158,11
7159,12
7160,13
7161,16
7162,5
7163,1
7164,3
7165,6
7166,0
7167,10
7168,5
7169,3
7170,10
7171,5
7172,0
7173,19
7174,8
7175,1
7176,15
7177,2
7178,22
7179,0
7180,13
7181,15
7182,18
7183,13
7184,9
7185,10
7186,9
7187,1
7188,8
7189,4
7190,19
7191,3
7192,11
7193,0
7194,18
7195,4
7196,4
7197,21
7198,5
7199,14
7200,2
7201,17
7202,22
7203,11
7204,11
7205,15
7206,7
7207,9
7208,16
7209,7
7210,17
7211,17
7212,19
7213,18
7214,3
7215,20
7216,14
7217,17
7218,8
7219,10
7220,4
7221,3
7222,7
7223,7
7224,20
7225,11
7226,15
7227,1
7228,17
7229,20
7230,14
7231,7
7232,17
7233,16
7234,21
7235,4
7236,13
7237,3
7238,14
7239,18
7240,9
7241,7
7242,10
7243,3
7244,22
7245,16
7246,11
7247,21
7248,14
7249,4
7250,3
7251,7
7252,18
7253,6
7254,22
7255,0
7256,12
7257,18
7258,0
7259,18
7260,0
7261,14
7262,16
7263,2
7264,19
7265,14
7266,4
7267,20
7268,8
7269,9
7270,16
7271,3
7272,14
7273,8
7274,2
7275,3
7276,11
7277,10
7278,7
7279,3
7280,20
7281,11
7282,10
7283,9
7284,8
7285,6
7286,4
7287,8
7288,0
7289,17
7290,14
7291,21
7292,13
7293,6
7294,10
7295,5
7296,9
7297,15
7298,22
7299,22
7300,13
7301,9
7302,10
7303,1
7304,2
7305,8
7306,22
7307,20
7308,1
7309,21
7310,18
7311,3
7312,12
7313,2
7314,10
7315,15
7316,19
7317,18
7318,12
7319,8
7320,8
7321,5
7322,12
7323,16
7324,17
7325,19
7326,19
7327,0
7328,0
7329,10
7330,1
7331,8
7332,19
7333,16
7334,13
7335,8
7336,12
7337,0
7338,7
7339,5
7340,1
7341,2
7342,15
7343,4
7344,6
7345,19
7346,7
7347,20
7348,19
7349,20
7350,17
7351,11
7352,11
7353,19
7354,20
7355,13
7356,13
7357,10
7358,5
7359,7
7360,17
7361,1
7362,4
7363,7
7364,0
7365,7
7366,13
7367,10
7368,5
7369,7
7370,21
7371,5
7372,1
7373,9
7374,6
7375,6
7376,1
7377,20
7378,6
7379,17
7380,8
7381,10
7382,3
7383,20
7384,20
7385,15
7386,5
7387,1
7388,20
7389,1
7390,2
7391,11
7392,4
7393,22
7394,21
7395,14
7396,7
7397,9
7398,19
7399,10
7400,2
7401,21
7402,4
7403,2
7404,12
7405,7
7406,0
7407,2
7408,18
7409,17
7410,14
7411,12
7412,11
7413,2
7414,22
7415,4
7416,11
7417,8
7418,15
7419,3
7420,3
7421,14
7422,0
7423,21
7424,9
7425,14
7426,19
7427,15
7428,0
7429,18
7430,17
7431,12
7432,8
7433,17
7434,1
7435,4
7436,0
7437,20
7438,12
7439,6
7440,7
7441,3
7442,10
7443,7
7444,1
7445,0
7446,5
7447,0
7448,14
7449,3
7450,20
7451,20
7452,19
7453,21
7454,3
7455,10
7456,9
7457,18
7458,7
7459,21
7460,18
7461,13
7462,4
7463,14
7464,16
7465,3
7466,15
7467,6
7468,8
7469,11
7470,16
7471,21
7472,22
7473,5
7474,11
7475,1
7476,2
7477,17
7478,7
7479,22
7480,16
7481,4
7482,9
7483,16
7484,14
7485,6
7486,6
7487,11
7488,10
7489,20
7490,11
7491,1
7492,7
7493,1
7494,22
7495,16
7496,9
7497,16
7498,9
7499,18
7500,12
7501,17
7502,12
7503,4
7504,20
7505,14
7506,22
7507,21
7508,4
7509,13
7510,1
7511,13
7512,21
7513,5
7514,10
7515,15
7516,16
7517,20
7518,13
7519,22
7520,4
7521,7
7522,19
7523,2
7524,19
7525,2
7526,14
7527,8
7528,12
7529,17
7530,6
7531,21
7532,12
7533,0
7534,11
7535,16
7536,8
7537,17
7538,6
7539,12
7540,18
7541,0
7542,22
7543,15
7544,16
7545,20
7546,9
7547,6
7548,4
7549,12
7550,20
7551,11
7552,16
7553,15
7554,17
7555,13
7556,5
7557,21
7558,17
7559,6
7560,17
7561,2
7562,18
7563,6
7564,21
7565,15
7566,9
7567,7
7568,17
7569,14
7570,19
7571,20
7572,22
7573,4
7574,12
7575,15
7576,1
7577,11
7578,14
7579,13
7580,8
7581,4
7582,11
7583,21
7584,0
7585,10
7586,19
7587,5
7588,15
7589,3
7590,14
7591,21
7592,19
7593,17
7594,15
7595,12
7596,5
7597,5
7598,16
7599,2
7600,7
7601,19
7602,10
7603,4
7604,0
7605,14
7606,22
7607,5
7608,6
7609,11
7610,22
7611,9
7612,18
7613,3
7614,14
7615,0
7616,22
7617,1
7618,13
7619,2
7620,17
7621,8
7622,2
7623,14
7624,19
7625,3
7626,1
7627,16
7628,10
7629,2
7630,2
7631,20
7632,9
7633,12
7634,9
7635,10
7636,7
7637,19
7638,8
7639,21
7640,5
7641,11
7642,8
7643,12
7644,22
7645,17
7646,5
7647,19
7648,8
7649,0
7650,5
7651,3
7652,9
7653,3
7654,10
7655,6
7656,7
7657,6
7658,15
7659,13
7660,21
7661,5
7662,6
7663,22
7664,3
7665,17
7666,2
7667,10
7668,15
7669,7
7670,20
7671,11
7672,9
7673,19
7674,1
7675,17
7676,16
7677,13
7678,16
7679,3
7680,1
7681,11
7682,17
7683,12
7684,22
7685,20
7686,17
7687,4
7688,21
7689,4
7690,6
7691,13
7692,13
7693,15
7694,19
7695,4
7696,18
7697,0
7698,13
7699,17
7700,8
7701,13
7702,18
7703,1
7704,5
7705,20
7706,2
7707,14
7708,20
7709,0
7710,18
7711,2
7712,17
7713,14
7714,12
7715,10
7716,18
7717,14
7718,15
7719,20
7720,22
7721,13
7722,8
7723,9
7724,15
7725,2
7726,9
7727,0
7728,13
7729,16
7730,11
7731,4
7732,0
7733,14
7734,1
7735,5
7736,3
7737,12
7738,1
7739,18
7740,8
7741,12
7742,9
7743,16
7744,19
7745,13
7746,3
7747,17
7748,17
7749,1
7750,6
7751,19
7752,5
7753,8
7754,3
7755,18
7756,7
7757,22
7758,19
7759,2
7760,10
7761,8
7762,13
7763,13
7764,21
7765,20
7766,8
7767,11
7768,5
7769,3
7770,20
7771,10
7772,4
7773,21
7774,20
7775,0
7776,3
7777,16
7778,17
7779,5
7780,21
7781,19
7782,7
7783,14
7784,8
7785,17
7786,22
7787,8
7788,13
7789,9
7790,2
7791,6
7792,8
7793,9
7794,22
7795,19
7796,17
7797,0
7798,6
7799,16
7800,15
7801,5
7802,19
7803,15
7804,17
7805,8
7806,20
7807,7
7808,9
7809,6
7810,13
7811,9
7812,5
7813,0
7814,22
7815,10
7816,10
7817,21
7818,9
7819,22
7820,15
7821,2
7822,3
7823,0
7824,15
7825,1
7826,3
7827,14
7828,5
7829,6
7830,10
7831,8
7832,2
7833,9
7834,12
7835,15
7836,20
7837,7
7838,21
7839,18
7840,21
7841,7
7842,9
7843,5
7844,17
7845,4
7846,19
7847,4
7848,16
7849,2
7850,16
7851,2
7852,1
7853,7
7854,13
7855,5
7856,5
7857,5
7858,22
7859,3
7860,5
7861,4
7862,11
7863,18
7864,7
7865,6
7866,20
7867,0
7868,8
7869,5
7870,18
7871,6
7872,11
7873,11
7874,9
7875,7
7876,20
7877,16
7878,19
7879,5
7880,21
7881,8
7882,15
7883,1
7884,2
7885,8
7886,4
7887,12
7888,19
7889,6
7890,14
7891,12
7892,21
7893,14
7894,19
7895,6
7896,17
7897,19
7898,12
7899,14
7900,8
7901,20
7902,16
7903,15
7904,1
7905,18
7906,3
7907,22
7908,3
7909,6
7910,16
7911,13
7912,7
7913,22
7914,16
7915,5
7916,4
7917,18
7918,7
7919,12
7920,8
7921,4
7922,13
7923,22
7924,12
7925,21
7926,1
7927,18
7928,3
7929,9
7930,9
7931,20
7932,10
7933,3
7934,2
7935,6
7936,10
7937,17
7938,17
7939,15
7940,1
7941,17
7942,0
7943,17
7944,9
7945,19
7946,15
7947,19
7948,14
7949,18
7950,19
7951,10
7952,19
7953,6
7954,15
7955,19
7956,21
7957,6
7958,13
7959,15
7960,15
7961,13
7962,3
7963,3
7964,19
7965,17
7966,6
7967,9
7968,4
7969,9
7970,8
7971,17
7972,11
7973,20
7974,2
7975,13
7976,21
7977,21
7978,17
7979,1
7980,8
7981,11
7982,10
7983,3
7984,3
7985,0
7986,5
7987,3
7988,9
7989,0
7990,9
7991,14
7992,19
7993,21
7994,13
7995,21
7996,8
7997,8
7998,15
7999,1
