key,area
0,3
1,10
2,76
3,1
4,210
5,6
6,4
7,100
8,20
9,33
10,56
11,234
12,45
13,32
14,270
15,10
16,224
17,12
18,56
19,90
20,18
21,21
22,14
23,39
24,52
25,20
26,72
27,34
28,9
29,3
30,4
31,95
32,60
33,19
34,35
35,99
36,50
37,56
38,160
39,20
40,5
41,39
42,98
43,42
44,52
45,3
46,80
47,5
48,12
49,16
50,39
51,285
52,16
53,119
54,18
55,66
56,12
57,28
58,2
59,36
60,112
61,32
62,14
63,15
64,6
65,30
66,28
67,30
68,48
69,6
70,15
71,40
72,52
73,40
74,80
75,69
76,24
77,48
78,12
79,48
80,4
81,20
82,180
83,39
84,88
85,49
86,6
87,6
88,96
89,24
90,8
91,16
92,10
93,2
94,16
95,54
96,45
97,3
98,42
99,28
100,8
101,15
102,8
103,72
104,2
105,28
106,56
107,7
108,34
109,10
110,18
111,32
112,6
113,12
114,35
115,24
116,15
117,3
118,11
119,24
120,4
121,3
122,5
123,26
124,6
125,18
126,36
127,17
128,2
129,48
130,22
131,32
132,14
133,60
134,4
135,28
136,9
137,16
138,20
139,30
140,22
141,3
142,6
143,144
144,2
145,16
146,10
147,36
148,7
149,22
150,7
151,5
152,40
153,9
154,77
155,3
156,12
157,48
158,24
159,9
160,156
161,39
162,32
163,36
164,6
165,5
166,12
167,15
168,8
169,360
170,115
171,12
172,234
173,20
174,6
175,9
176,40
177,60
178,35
179,28
180,36
181,130
182,9
183,33
184,12
185,2
186,4
187,84
188,18
189,18
190,50
191,36
192,104
193,168
194,252
195,30
196,4
197,30
198,48
199,28
200,10
201,4
202,30
203,36
204,36
205,120
206,6
207,13
208,12
209,3
210,33
211,150
212,7
213,18
214,20
215,1
216,6
217,3
218,225
219,42
220,1
221,28
222,21
223,65
224,6
225,15
226,36
227,33
228,3
229,65
230,144
231,84
232,66
233,45
234,49
235,28
236,28
237,374
238,33
239,20
240,44
241,72
242,49
243,6
244,136
245,56
246,2
247,21
248,32
249,72
250,32
251,14
252,24
253,72
254,30
255,1
256,4
257,5
258,12
259,18
260,42
261,10
262,60
263,63
264,12
265,8
266,110
267,12
268,180
269,3
270,12
271,192
272,5
273,32
274,8
275,200
276,108
277,10
278,24
279,9
280,10
281,15
282,60
283,20
284,5
285,121
286,81
287,30
288,40
289,9
290,14
291,1
292,45
293,4
294,55
295,190
296,84
297,30
298,162
299,72
300,105
301,1
302,24
303,2
304,34
305,300
306,21
307,12
308,48
309,30
310,28
311,8
312,24
313,204
314,72
315,70
316,3
317,10
318,3
319,3
320,88
321,54
322,22
323,15
324,90
325,4
326,121
327,90
328,30
329,10
330,3
331,12
332,5
333,10
334,1
335,1
336,14
337,6
338,30
339,176
340,10
341,25
342,3
343,24
344,32
345,20
346,51
347,4
348,9
349,45
350,2
351,56
352,180
353,49
354,135
355,72
356,22
357,24
358,9
359,2
360,63
361,1
362,12
363,16
364,234
365,72
366,45
367,35
368,26
369,21
370,65
371,26
372,84
373,84
374,10
375,10
376,4
377,22
378,357
379,48
380,18
381,18
382,39
383,30
384,4
385,24
386,143
387,4
388,15
389,2
390,120
391,70
392,7
393,35
394,6
395,4
396,3
397,2
398,25
399,15
400,42
401,2
402,28
403,21
404,4
405,42
406,100
407,57
408,14
409,77
410,1
411,114
412,54
413,11
414,54
415,108
416,80
417,99
418,56
419,45
420,182
421,50
422,6
423,21
424,6
425,5
426,28
427,4
428,20
429,162
430,147
431,15
432,42
433,24
434,20
435,22
436,20
437,35
438,60
439,56
440,240
441,33
442,2
443,18
444,38
445,20
446,66
447,36
448,78
449,6
450,70
451,3
452,36
453,90
454,9
455,27
456,55
457,12
458,6
459,108
460,5
461,18
462,50
463,20
464,18
465,9
466,11
467,2
468,12
469,15
470,84
471,32
472,18
473,57
474,28
475,144
476,30
477,7
478,64
479,3
480,11
481,18
482,108
483,13
484,64
485,6
486,42
487,16
488,12
489,3
490,11
491,4
492,77
493,14
494,2
495,57
496,3
497,3
498,60
499,5
500,6
501,9
502,42
503,30
504,22
505,36
506,24
507,18
508,357
509,51
510,8
511,1
512,14
513,120
514,9
515,48
516,52
517,144
518,3
519,96
520,126
521,2
522,288
523,130
524,12
525,15
526,18
527,24
528,90
529,45
530,4
531,32
532,6
533,17
534,35
535,66
536,24
537,34
538,30
539,48
540,40
541,42
542,16
543,40
544,48
545,39
546,16
547,16
548,1
549,76
550,12
551,15
552,4
553,39
554,16
555,112
556,18
557,216
558,40
559,12
560,136
561,13
562,39
563,4
564,51
565,12
566,105
567,209
568,7
569,21
570,10
571,6
572,18
573,14
574,140
575,48
576,144
577,15
578,14
579,35
580,6
581,72
582,170
583,54
584,38
585,40
586,64
587,16
588,33
589,6
590,2
591,48
592,52
593,16
594,15
595,63
596,112
597,6
598,44
599,90
600,99
601,5
602,6
603,132
604,22
605,1
606,4
607,2
608,56
609,126
610,7
611,12
612,4
613,18
614,2
615,60
616,210
617,40
618,40
619,120
620,143
621,24
622,18
623,28
624,15
625,65
626,143
627,40
628,45
629,39
630,11
631,9
632,10
633,36
634,6
635,40
636,3
637,27
638,12
639,5
640,70
641,12
642,21
643,60
644,30
645,12
646,8
647,28
648,25
649,16
650,36
651,40
652,10
653,78
654,50
655,4
656,80
657,208
658,3
659,112
660,16
661,20
662,3
663,2
664,10
665,72
666,132
667,169
668,55
669,7
670,20
671,33
672,3
673,162
674,189
675,247
676,7
677,28
678,11
679,48
680,6
681,50
682,5
683,33
684,98
685,40
686,9
687,42
688,52
689,2
690,6
691,4
692,9
693,10
694,3
695,13
696,77
697,16
698,143
699,55
700,36
701,100
702,2
703,8
704,20
705,4
706,6
707,90
708,12
709,16
710,26
711,32
712,77
713,120
714,340
715,18
716,20
717,28
718,8
719,4
720,50
721,8
722,144
723,28
724,72
725,6
726,1
727,2
728,7
729,9
730,48
731,3
732,48
733,15
734,1
735,119
736,60
737,39
738,13
739,56
740,10
741,8
742,9
743,6
744,14
745,288
746,27
747,144
748,55
749,7
750,48
751,5
752,108
753,28
754,2
755,2
756,16
757,7
758,12
759,63
760,1
761,1
762,10
763,12
764,4
765,9
766,18
767,12
768,24
769,80
770,9
771,3
772,32
773,9
774,6
775,18
776,18
777,44
778,15
779,75
780,20
781,19
782,35
783,102
784,21
785,60
786,15
787,15
788,7
789,42
790,8
791,20
792,102
793,180
794,16
795,28
796,4
797,96
798,16
799,77
800,1
801,8
802,108
803,16
804,11
805,8
806,84
807,6
808,16
809,21
810,2
811,44
812,4
813,136
814,16
815,70
816,13
817,40
818,48
819,20
820,33
821,2
822,20
823,24
824,24
825,6
826,2
827,3
828,21
829,14
830,55
831,8
832,6
833,420
834,34
835,21
836,84
837,153
838,24
839,11
840,20
841,18
842,42
843,12
844,7
845,22
846,42
847,36
848,21
849,4
850,22
851,54
852,15
853,36
854,20
855,3
856,34
857,8
858,5
859,18
860,11
861,10
862,5
863,3
864,10
865,36
866,56
867,10
868,12
869,16
870,55
871,84
872,8
873,9
874,6
875,4
876,20
877,12
878,3
879,126
880,66
881,238
882,285
883,18
884,8
885,10
886,24
887,42
888,11
889,20
890,54
891,192
892,15
893,2
894,4
895,12
896,12
897,2
898,15
899,55
900,30
901,10
902,14
903,60
904,80
905,195
906,2
907,26
908,3
909,285
910,8
911,40
912,2
913,42
914,10
915,81
916,9
917,98
918,15
919,105
920,42
921,20
922,24
923,6
924,3
925,90
926,182
927,15
928,51
929,12
930,35
931,200
932,6
933,40
934,72
935,90
936,1
937,24
938,38
939,112
940,6
941,24
942,6
943,132
944,1
945,4
946,7
947,8
948,12
949,54
950,24
951,8
952,20
953,69
954,130
955,18
956,15
957,12
958,8
959,20
960,7
961,8
962,40
963,63
964,270
965,18
966,13
967,198
968,2
969,171
970,91
971,12
972,48
973,240
974,4
975,1
976,13
977,10
978,380
979,12
980,1
981,126
982,8
983,2
984,4
985,9
986,33
987,24
988,6
989,75
990,14
991,30
992,16
993,5
994,20
995,14
996,10
997,10
998,135
999,90
1000,40
1001,32
1002,76
1003,24
1004,48
1005,18
1006,45
1007,11
1008,1
1009,12
1010,5
1011,3
1012,21
1013,36
1014,30
1015,1
1016,49
1017,4
1018,70
1019,56
1020,54
1021,7
1022,36
1023,42
1024,12
1025,4
1026,24
1027,7
1028,40
1029,20
1030,24
1031,324
1032,39
1033,4
1034,30
1035,289
1036,70
1037,10
1038,9
1039,19
1040,12
1041,1
1042,207
1043,16
1044,195
1045,12
1046,77
1047,11
1048,3
1049,91
1050,12
1051,24
1052,11
1053,20
1054,64
1055,70
1056,12
1057,6
1058,3
1059,52
1060,36
1061,39
1062,91
1063,10
1064,85
1065,20
1066,14
1067,7
1068,63
1069,24
1070,54
1071,40
1072,18
1073,140
1074,12
1075,90
1076,154
1077,33
1078,20
1079,20
1080,32
1081,33
1082,11
1083,10
1084,4
1085,9
1086,2
1087,12
1088,9
1089,4
1090,2
1091,30
1092,3
1093,112
1094,32
1095,7
1096,136
1097,14
1098,30
1099,195
1100,11
1101,20
1102,7
1103,20
1104,40
1105,30
1106,40
1107,2
1108,12
1109,48
1110,216
1111,2
1112,32
1113,2
1114,16
1115,15
1116,117
1117,120
1118,7
1119,6
1120,60
1121,176
1122,48
1123,27
1124,68
1125,70
1126,18
1127,16
1128,13
1129,30
1130,132
1131,27
1132,9
1133,16
1134,2
1135,35
1136,6
1137,150
1138,102
1139,4
1140,6
1141,3
1142,18
1143,16
1144,40
1145,39
1146,2
1147,48
1148,2
1149,3
1150,45
1151,9
1152,42
1153,80
1154,315
1155,84
1156,108
1157,80
1158,180
1159,14
1160,5
1161,70
1162,1
1163,2
1164,24
1165,170
1166,30
1167,4
1168,12
1169,3
1170,70
1171,171
1172,20
1173,27
1174,18
1175,1
1176,39
1177,77
1178,70
1179,72
1180,171
1181,66
1182,1
1183,8
1184,11
1185,1
1186,126
1187,4
1188,21
1189,3
1190,2
1191,154
1192,60
1193,56
1194,21
1195,33
1196,45
1197,12
1198,63
1199,75
1200,50
1201,180
1202,187
1203,14
1204,42
1205,8
1206,91
1207,15
1208,48
1209,12
1210,49
1211,4
1212,27
1213,56
1214,33
1215,15
1216,15
1217,8
1218,12
1219,12
1220,400
1221,15
1222,69
1223,4
1224,39
1225,9
1226,15
1227,33
1228,6
1229,64
1230,133
1231,12
1232,299
1233,30
1234,48
1235,10
1236,42
1237,130
1238,195
1239,4
1240,117
1241,45
1242,34
1243,56
1244,1
1245,221
1246,140
1247,11
1248,11
1249,13
1250,7
1251,80
1252,108
1253,2
1254,4
1255,24
1256,32
1257,54
1258,12
1259,6
1260,32
1261,84
1262,54
1263,64
1264,15
1265,216
1266,80
1267,4
1268,9
1269,1
1270,2
1271,40
1272,17
1273,20
1274,24
1275,170
1276,14
1277,12
1278,6
1279,8
1280,15
1281,30
1282,6
1283,26
1284,130
1285,27
1286,22
1287,38
1288,136
1289,12
1290,6
1291,6
1292,25
1293,48
1294,1
1295,42
1296,21
1297,35
1298,104
1299,10
1300,32
1301,105
1302,15
1303,112
1304,12
1305,24
1306,21
1307,16
1308,12
1309,63
1310,42
1311,6
1312,8
1313,30
1314,112
1315,110
1316,180
1317,108
1318,14
1319,14
1320,3
1321,7
1322,44
1323,8
1324,221
1325,36
1326,54
1327,14
1328,11
1329,98
1330,9
1331,4
1332,6
1333,10
1334,8
1335,16
1336,3
1337,12
1338,6
1339,39
1340,24
1341,2
1342,3
1343,120
1344,16
1345,52
1346,12
1347,195
1348,4
1349,21
1350,10
1351,3
1352,6
1353,84
1354,4
1355,33
1356,15
1357,100
1358,15
1359,72
1360,16
1361,28
1362,9
1363,12
1364,144
1365,5
1366,7
1367,160
1368,72
1369,9
1370,10
1371,5
1372,152
1373,64
1374,9
1375,4
1376,5
1377,12
1378,10
1379,48
1380,130
1381,8
1382,24
1383,12
1384,6
1385,90
1386,8
1387,198
1388,25
1389,48
1390,4
1391,182
1392,25
1393,18
1394,15
1395,130
1396,276
1397,30
1398,98
1399,133
1400,4
1401,1
1402,8
1403,90
1404,6
1405,16
1406,60
1407,38
1408,20
1409,7
1410,35
1411,252
1412,35
1413,112
1414,6
1415,3
1416,34
1417,33
1418,6
1419,30
1420,14
1421,6
1422,3
1423,165
1424,12
1425,273
1426,84
1427,130
1428,34
1429,80
1430,7
1431,24
1432,42
1433,13
1434,49
1435,24
1436,96
1437,10
1438,2
1439,16
1440,96
1441,18
1442,304
1443,28
1444,10
1445,28
1446,30
1447,30
1448,30
1449,2
1450,9
1451,19
1452,90
1453,48
1454,68
1455,51
1456,2
1457,40
1458,20
1459,24
1460,1
1461,4
1462,1
1463,108
1464,234
1465,40
1466,24
1467,4
1468,12
1469,17
1470,24
1471,154
1472,20
1473,3
1474,11
1475,9
1476,4
1477,48
1478,9
1479,36
1480,3
1481,210
1482,66
1483,2
1484,2
1485,10
1486,1
1487,18
1488,3
1489,4
1490,22
1491,20
1492,104
1493,22
1494,28
1495,273
1496,72
1497,1
1498,60
1499,112
1500,20
1501,21
1502,8
1503,51
1504,6
1505,80
1506,56
1507,4
1508,209
1509,20
1510,17
1511,30
1512,12
1513,126
1514,13
1515,36
1516,32
1517,18
1518,36
1519,84
1520,16
1521,21
1522,70
1523,20
1524,12
1525,10
1526,80
1527,2
1528,1
1529,35
1530,8
1531,24
1532,2
1533,8
1534,64
1535,95
1536,9
1537,30
1538,18
1539,8
1540,16
1541,12
1542,182
1543,38
1544,10
1545,6
1546,6
1547,20
1548,4
1549,5
1550,12
1551,176
1552,1
1553,8
1554,16
1555,144
1556,11
1557,260
1558,6
1559,18
1560,12
1561,44
1562,85
1563,2
1564,64
1565,88
1566,80
1567,17
1568,138
1569,15
1570,1
1571,40
1572,16
1573,40
1574,35
1575,171
1576,1
1577,4
1578,72
1579,54
1580,108
1581,7
1582,78
1583,55
1584,100
1585,20
1586,70
1587,1
1588,1
1589,52
1590,4
1591,27
1592,1
1593,30
1594,30
1595,10
1596,40
1597,10
1598,77
1599,140
1600,104
1601,3
1602,30
1603,1
1604,4
1605,21
1606,30
1607,70
1608,50
1609,6
1610,50
1611,24
1612,13
1613,88
1614,99
1615,110
1616,8
1617,16
1618,11
1619,56
1620,32
1621,3
1622,240
1623,39
1624,4
1625,11
1626,1
1627,16
1628,55
1629,160
1630,18
1631,6
1632,44
1633,9
1634,48
1635,4
1636,5
1637,4
1638,24
1639,9
1640,14
1641,16
1642,8
1643,22
1644,24
1645,2
1646,121
1647,2
1648,72
1649,33
1650,16
1651,9
1652,7
1653,36
1654,20
1655,63
1656,16
1657,6
1658,4
1659,8
1660,40
1661,24
1662,25
1663,5
1664,4
1665,8
1666,33
1667,5
1668,15
1669,42
1670,26
1671,7
1672,18
1673,1
1674,108
1675,32
1676,165
1677,14
1678,120
1679,182
1680,30
1681,6
1682,28
1683,65
1684,56
1685,2
1686,54
1687,10
1688,15
1689,70
1690,104
1691,12
1692,1
1693,2
1694,4
1695,3
1696,14
1697,16
1698,27
1699,143
1700,72
1701,18
1702,76
1703,170
1704,306
1705,1
1706,1
1707,65
1708,1
1709,45
1710,10
1711,36
1712,55
1713,39
1714,12
1715,10
1716,126
1717,4
1718,9
1719,10
1720,36
1721,14
1722,14
1723,14
1724,168
1725,288
1726,1
1727,3
1728,16
1729,3
1730,25
1731,27
1732,30
1733,20
1734,168
1735,2
1736,16
1737,6
1738,24
1739,70
1740,24
1741,120
1742,2
1743,42
1744,32
1745,14
1746,100
1747,2
1748,2
1749,2
1750,24
1751,210
1752,4
1753,35
1754,168
1755,42
1756,50
1757,45
1758,80
1759,110
1760,12
1761,22
1762,90
1763,5
1764,10
1765,26
1766,3
1767,44
1768,18
1769,4
1770,12
1771,168
1772,40
1773,2
1774,147
1775,30
1776,12
1777,36
1778,285
1779,20
1780,42
1781,117
1782,12
1783,9
1784,12
1785,26
1786,140
1787,33
1788,42
1789,70
1790,91
1791,80
1792,184
1793,110
1794,24
1795,4
1796,42
1797,21
1798,112
1799,8
1800,4
1801,84
1802,15
1803,90
1804,8
1805,6
1806,39
1807,96
1808,42
1809,24
1810,3
1811,72
1812,12
1813,5
1814,56
1815,240
1816,33
1817,6
1818,285
1819,6
1820,32
1821,51
1822,114
1823,18
1824,2
1825,21
1826,24
1827,55
1828,28
1829,105
1830,1
1831,65
1832,95
1833,55
1834,1
1835,12
1836,11
1837,80
1838,9
1839,20
1840,22
1841,4
1842,24
1843,60
1844,2
1845,99
1846,6
1847,56
1848,9
1849,2
1850,32
1851,105
1852,33
1853,32
1854,24
1855,16
1856,8
1857,7
1858,1
1859,11
1860,1
1861,144
1862,39
1863,3
1864,12
1865,112
1866,57
1867,60
1868,9
1869,16
1870,35
1871,12
1872,8
1873,3
1874,4
1875,153
1876,36
1877,75
1878,3
1879,66
1880,3
1881,8
1882,20
1883,56
1884,10
1885,91
1886,5
1887,162
1888,3
1889,28
1890,3
1891,21
1892,90
1893,4
1894,40
1895,50
1896,55
1897,44
1898,70
1899,84
1900,77
1901,80
1902,77
1903,54
1904,22
1905,15
1906,28
1907,18
1908,10
1909,9
1910,66
1911,7
1912,7
1913,99
1914,8
1915,156
1916,36
1917,15
1918,84
1919,18
1920,51
1921,8
1922,15
1923,48
1924,24
1925,84
1926,14
1927,7
1928,40
1929,182
1930,7
1931,14
1932,52
1933,39
1934,33
1935,18
1936,120
1937,40
1938,14
1939,3
1940,270
1941,4
1942,33
1943,16
1944,1
1945,27
1946,10
1947,24
1948,14
1949,2
1950,5
1951,34
1952,133
1953,42
1954,7
1955,18
1956,39
1957,126
1958,21
1959,50
1960,24
1961,105
1962,70
1963,88
1964,5
1965,5
1966,27
1967,25
1968,15
1969,57
1970,52
1971,7
1972,3
1973,4
1974,18
1975,15
1976,126
1977,161
1978,100
1979,16
1980,4
1981,25
1982,140
1983,18
1984,12
1985,6
1986,36
1987,9
1988,27
1989,9
1990,35
1991,3
1992,48
1993,54
1994,42
1995,50
1996,40
1997,66
1998,1
1999,16
2000,90
2001,75
2002,9
2003,9
2004,6
2005,8
2006,23
2007,18
2008,30
2009,57
2010,55
2011,22
2012,63
2013,1
2014,55
2015,192
2016,20
2017,64
2018,78
2019,9
2020,40
2021,34
2022,3
2023,6
2024,7
2025,70
2026,12
2027,108
2028,20
2029,36
2030,18
2031,64
2032,3
2033,192
2034,20
2035,3
2036,45
2037,75
2038,399
2039,5
2040,36
2041,27
2042,55
2043,68
2044,13
2045,8
2046,100
2047,30
2048,42
2049,1
2050,32
2051,27
2052,20
2053,16
2054,5
2055,16
2056,24
2057,44
2058,24
2059,6
2060,28
2061,6
2062,2
2063,90
2064,28
2065,91
2066,56
2067,13
2068,4
2069,9
2070,8
2071,24
2072,15
2073,24
2074,70
2075,96
2076,5
2077,40
2078,40
2079,16
2080,12
2081,9
2082,48
2083,30
2084,132
2085,9
2086,28
2087,24
2088,44
2089,12
2090,26
2091,30
2092,6
2093,17
2094,11
2095,40
2096,117
2097,4
2098,20
2099,19
2100,20
2101,36
2102,18
2103,16
2104,16
2105,12
2106,18
2107,40
2108,10
2109,20
2110,40
2111,120
2112,20
2113,5
2114,16
2115,72
2116,10
2117,36
2118,6
2119,78
2120,14
2121,14
2122,35
2123,60
2124,56
2125,56
2126,54
2127,28
2128,6
2129,28
2130,26
2131,165
2132,294
2133,26
2134,40
2135,2
2136,108
2137,65
2138,56
2139,24
2140,3
2141,8
2142,98
2143,24
2144,95
2145,42
2146,20
2147,90
2148,18
2149,80
2150,121
2151,36
2152,2
2153,30
2154,20
2155,14
2156,119
2157,48
2158,36
2159,16
2160,12
2161,24
2162,270
2163,55
2164,4
2165,28
2166,5
2167,40
2168,27
2169,196
2170,2
2171,153
2172,36
2173,21
2174,27
2175,65
2176,45
2177,27
2178,28
2179,10
2180,16
2181,14
2182,4
2183,42
2184,72
2185,12
2186,50
2187,132
2188,81
2189,60
2190,50
2191,6
2192,8
2193,3
2194,6
2195,96
2196,51
2197,18
2198,27
2199,108
2200,10
2201,120
2202,20
2203,2
2204,36
2205,8
2206,3
2207,5
2208,108
2209,25
2210,72
2211,168
2212,54
2213,2
2214,12
2215,3
2216,15
2217,182
2218,33
2219,21
2220,15
2221,10
2222,22
2223,168
2224,84
2225,16
2226,72
2227,38
2228,28
2229,14
2230,14
2231,60
2232,6
2233,2
2234,90
2235,6
2236,3
2237,20
2238,160
2239,30
2240,3
2241,24
2242,2
2243,56
2244,12
2245,12
2246,12
2247,6
2248,16
2249,8
2250,9
2251,2
2252,2
2253,56
2254,143
2255,3
2256,8
2257,28
2258,72
2259,39
2260,1
2261,6
2262,36
2263,2
2264,3
2265,5
2266,7
2267,24
2268,66
2269,26
2270,26
2271,12
2272,18
2273,153
2274,7
2275,135
2276,2
2277,6
2278,8
2279,2
2280,24
2281,52
2282,4
2283,8
2284,14
2285,4
2286,9
2287,88
2288,26
2289,8
2290,90
2291,1
2292,176
2293,3
2294,28
2295,6
2296,8
2297,13
2298,2
2299,18
2300,9
2301,30
2302,42
2303,10
2304,153
2305,156
2306,15
2307,49
2308,4
2309,28
2310,2
2311,80
2312,65
2313,64
2314,3
2315,12
2316,84
2317,45
2318,60
2319,136
2320,7
2321,3
2322,1
2323,8
2324,8
2325,16
2326,57
2327,66
2328,8
2329,56
2330,1
2331,54
2332,132
2333,8
2334,21
2335,76
2336,72
2337,4
2338,45
2339,68
2340,120
2341,460
2342,120
2343,14
2344,11
2345,8
2346,8
2347,1
2348,90
2349,5
2350,4
2351,9
2352,12
2353,56
2354,15
2355,60
2356,56
2357,3
2358,30
2359,144
2360,72
2361,8
2362,26
2363,8
2364,132
2365,15
2366,4
2367,160
2368,4
2369,12
2370,1
2371,13
2372,10
2373,210
2374,10
2375,9
2376,36
2377,3
2378,140
2379,14
2380,30
2381,120
2382,70
2383,14
2384,126
2385,27
2386,78
2387,18
2388,21
2389,40
2390,42
2391,14
2392,36
2393,8
2394,35
2395,6
2396,5
2397,3
2398,15
2399,24
2400,22
2401,36
2402,238
2403,25
2404,20
2405,64
2406,42
2407,8
2408,9
2409,48
2410,16
2411,35
2412,56
2413,55
2414,180
2415,60
2416,27
2417,72
2418,18
2419,18
2420,30
2421,25
2422,144
2423,2
2424,180
2425,42
2426,3
2427,10
2428,16
2429,35
2430,10
2431,3
2432,3
2433,88
2434,42
2435,17
2436,2
2437,108
2438,132
2439,51
2440,3
2441,22
2442,266
2443,6
2444,7
2445,34
2446,91
2447,60
2448,21
2449,16
2450,65
2451,242
2452,11
2453,126
2454,16
2455,5
2456,16
2457,7
2458,13
2459,10
2460,2
2461,40
2462,176
2463,45
2464,5
2465,2
2466,4
2467,9
2468,20
2469,10
2470,42
2471,12
2472,21
2473,8
2474,9
2475,9
2476,120
2477,44
2478,6
2479,11
2480,3
2481,60
2482,39
2483,68
2484,12
2485,7
2486,30
2487,128
2488,38
2489,36
2490,4
2491,36
2492,14
2493,30
2494,42
2495,6
2496,84
2497,8
2498,21
2499,10
2500,14
2501,104
2502,77
2503,4
2504,4
2505,90
2506,4
2507,120
2508,88
2509,4
2510,3
2511,18
2512,26
2513,70
2514,98
2515,3
2516,56
2517,55
2518,15
2519,40
2520,34
2521,78
2522,140
2523,126
2524,16
2525,144
2526,55
2527,1
2528,7
2529,21
2530,105
2531,1
2532,14
2533,180
2534,10
2535,6
2536,14
2537,75
2538,9
2539,56
2540,40
2541,12
2542,5
2543,80
2544,11
2545,24
2546,21
2547,12
2548,5
2549,40
2550,10
2551,45
2552,18
2553,2
2554,16
2555,15
2556,1
2557,51
2558,60
2559,51
2560,3
2561,7
2562,1
2563,18
2564,11
2565,52
2566,6
2567,12
2568,117
2569,4
2570,32
2571,22
2572,72
2573,91
2574,20
2575,162
2576,10
2577,35
2578,24
2579,2
2580,9
2581,27
2582,9
2583,108
2584,80
2585,64
2586,2
2587,2
2588,1
2589,6
2590,51
2591,16
2592,16
2593,8
2594,57
2595,4
2596,49
2597,100
2598,6
2599,100
2600,36
2601,2
2602,112
2603,4
2604,12
2605,30
2606,10
2607,72
2608,128
2609,18
2610,12
2611,12
2612,20
2613,55
2614,72
2615,4
2616,228
2617,44
2618,10
2619,3
2620,56
2621,247
2622,2
2623,16
2624,28
2625,11
2626,136
2627,4
2628,14
2629,34
2630,24
2631,4
2632,15
2633,126
2634,3
2635,18
2636,26
2637,168
2638,120
2639,91
2640,12
2641,15
2642,19
2643,2
2644,7
2645,16
2646,4
2647,6
2648,6
2649,7
2650,45
2651,40
2652,16
2653,3
2654,8
2655,33
2656,14
2657,152
2658,170
2659,2
2660,1
2661,45
2662,9
2663,5
2664,3
2665,20
2666,6
2667,24
2668,44
2669,3
2670,72
2671,30
2672,33
2673,135
2674,14
2675,168
2676,14
2677,192
2678,110
2679,2
2680,20
2681,27
2682,130
2683,1
2684,2
2685,24
2686,2
2687,4
2688,136
2689,6
2690,8
2691,63
2692,288
2693,26
2694,1
2695,38
2696,15
2697,16
2698,24
2699,48
2700,8
2701,22
2702,20
2703,56
2704,20
2705,28
2706,4
2707,10
2708,2
2709,1
2710,12
2711,32
2712,114
2713,16
2714,11
2715,204
2716,8
2717,70
2718,189
2719,16
2720,3
2721,6
2722,240
2723,40
2724,16
2725,6
2726,28
2727,1
2728,4
2729,1
2730,11
2731,18
2732,28
2733,56
2734,6
2735,16
2736,30
2737,40
2738,3
2739,1
2740,2
2741,273
2742,66
2743,96
2744,126
2745,5
2746,27
2747,6
2748,136
2749,7
2750,42
2751,2
2752,2
2753,60
2754,6
2755,4
2756,14
2757,24
2758,45
2759,24
2760,120
2761,63
2762,54
2763,21
2764,12
2765,9
2766,24
2767,24
2768,49
2769,75
2770,45
2771,56
2772,36
2773,414
2774,54
2775,136
2776,9
2777,147
2778,7
2779,56
2780,45
2781,117
2782,40
2783,72
2784,39
2785,18
2786,24
2787,9
2788,22
2789,15
2790,5
2791,12
2792,51
2793,8
2794,6
2795,45
2796,2
2797,8
2798,3
2799,84
2800,32
2801,2
2802,30
2803,14
2804,1
2805,42
2806,48
2807,55
2808,6
2809,91
2810,22
2811,1
2812,85
2813,81
2814,88
2815,240
2816,12
2817,4
2818,6
2819,4
2820,2
2821,24
2822,2
2823,11
2824,30
2825,96
2826,54
2827,24
2828,51
2829,72
2830,15
2831,6
2832,9
2833,45
2834,1
2835,8
2836,8
2837,8
2838,6
2839,30
2840,10
2841,3
2842,8
2843,220
2844,30
2845,20
2846,30
2847,90
2848,45
2849,14
2850,54
2851,56
2852,13
2853,20
2854,4
2855,1
2856,30
2857,36
2858,36
2859,77
2860,2
2861,11
2862,12
2863,6
2864,8
2865,8
2866,57
2867,11
2868,84
2869,36
2870,80
2871,21
2872,3
2873,104
2874,36
2875,105
2876,48
2877,14
2878,56
2879,2
2880,15
2881,45
2882,52
2883,84
2884,5
2885,5
2886,48
2887,3
2888,117
2889,126
2890,12
2891,36
2892,270
2893,27
2894,18
2895,10
2896,24
2897,14
2898,68
2899,12
2900,60
2901,9
2902,20
2903,6
2904,26
2905,24
2906,4
2907,104
2908,11
2909,69
2910,110
2911,12
2912,2
2913,8
2914,8
2915,5
2916,16
2917,28
2918,20
2919,91
2920,36
2921,72
2922,26
2923,32
2924,56
2925,30
2926,21
2927,12
2928,30
2929,32
2930,52
2931,4
2932,72
2933,280
2934,10
2935,18
2936,21
2937,4
2938,44
2939,5
2940,16
2941,27
2942,99
2943,2
2944,126
2945,114
2946,9
2947,6
2948,12
2949,11
2950,270
2951,6
2952,50
2953,30
2954,3
2955,5
2956,22
2957,36
2958,48
2959,12
2960,13
2961,64
2962,22
2963,20
2964,25
2965,45
2966,26
2967,34
2968,6
2969,35
2970,75
2971,30
2972,72
2973,6
2974,12
2975,110
2976,28
2977,27
2978,2
2979,10
2980,30
2981,9
2982,8
2983,72
2984,75
2985,13
2986,6
2987,77
2988,12
2989,15
2990,2
2991,60
2992,72
2993,30
2994,3
2995,5
2996,36
2997,51
2998,3
2999,25
3000,24
3001,5
3002,35
3003,4
3004,16
3005,4
3006,6
3007,55
3008,63
3009,7
3010,21
3011,24
3012,30
3013,24
3014,18
3015,6
3016,100
3017,88
3018,56
3019,48
3020,24
3021,30
3022,6
3023,4
3024,4
3025,44
3026,96
3027,6
3028,15
3029,12
3030,88
3031,4
3032,50
3033,36
3034,17
3035,63
3036,4
3037,10
3038,11
3039,14
3040,3
3041,2
3042,100
3043,14
3044,21
3045,8
3046,1
3047,20
3048,9
3049,5
3050,14
3051,90
3052,4
3053,27
3054,21
3055,60
3056,2
3057,21
3058,42
3059,98
3060,90
3061,25
3062,2
3063,34
3064,18
3065,36
3066,21
3067,7
3068,88
3069,160
3070,34
3071,20
3072,5
3073,7
3074,40
3075,40
3076,26
3077,9
3078,4
3079,45
3080,126
3081,70
3082,104
3083,209
3084,21
3085,3
3086,2
3087,8
3088,8
3089,28
3090,65
3091,5
3092,2
3093,4
3094,15
3095,14
3096,40
3097,104
3098,2
3099,84
3100,5
3101,54
3102,3
3103,14
3104,12
3105,66
3106,98
3107,150
3108,4
3109,8
3110,30
3111,3
3112,300
3113,18
3114,27
3115,9
3116,2
3117,20
3118,24
3119,7
3120,21
3121,28
3122,15
3123,6
3124,60
3125,3
3126,90
3127,88
3128,39
3129,48
3130,8
3131,18
3132,92
3133,32
3134,9
3135,72
3136,110
3137,15
3138,4
3139,9
3140,8
3141,36
3142,39
3143,19
3144,13
3145,12
3146,3
3147,20
3148,70
3149,28
3150,198
3151,119
3152,12
3153,30
3154,80
3155,14
3156,24
3157,36
3158,105
3159,120
3160,15
3161,2
3162,30
3163,48
3164,42
3165,8
3166,44
3167,8
3168,15
3169,135
3170,24
3171,50
3172,42
3173,6
3174,15
3175,13
3176,18
3177,14
3178,18
3179,24
3180,4
3181,11
3182,48
3183,39
3184,24
3185,84
3186,12
3187,6
3188,4
3189,240
3190,15
3191,28
3192,3
3193,192
3194,16
3195,3
3196,20
3197,42
3198,117
3199,30
3200,30
3201,18
3202,44
3203,1
3204,5
3205,1
3206,40
3207,12
3208,51
3209,280
3210,7
3211,24
3212,45
3213,2
3214,15
3215,12
3216,84
3217,9
3218,80
3219,14
3220,44
3221,10
3222,66
3223,18
3224,70
3225,48
3226,16
3227,25
3228,33
3229,14
3230,3
3231,24
3232,119
3233,4
3234,70
3235,32
3236,2
3237,6
3238,18
3239,9
3240,18
3241,1
3242,1
3243,15
3244,3
3245,6
3246,36
3247,48
3248,15
3249,152
3250,18
3251,60
3252,27
3253,24
3254,112
3255,200
3256,49
3257,33
3258,33
3259,78
3260,6
3261,57
3262,1
3263,40
3264,140
3265,8
3266,18
3267,6
3268,15
3269,11
3270,7
3271,4
3272,36
3273,18
3274,50
3275,12
3276,2
3277,48
3278,10
3279,30
3280,6
3281,10
3282,45
3283,11
3284,60
3285,15
3286,20
3287,20
3288,132
3289,30
3290,6
3291,120
3292,63
3293,70
3294,8
3295,180
3296,33
3297,55
3298,114
3299,1
3300,20
3301,40
3302,25
3303,4
3304,144
3305,66
3306,30
3307,32
3308,10
3309,32
3310,21
3311,42
3312,5
3313,80
3314,20
3315,34
3316,2
3317,2
3318,21
3319,8
3320,30
3321,50
3322,17
3323,182
3324,48
3325,48
3326,30
3327,16
3328,35
3329,77
3330,120
3331,70
3332,56
3333,60
3334,90
3335,9
3336,2
3337,55
3338,168
3339,5
3340,21
3341,10
3342,12
3343,135
3344,12
3345,84
3346,7
3347,20
3348,40
3349,24
3350,3
3351,4
3352,3
3353,12
3354,1
3355,96
3356,60
3357,25
3358,6
3359,3
3360,39
3361,90
3362,48
3363,72
3364,143
3365,140
3366,8
3367,24
3368,32
3369,20
3370,3
3371,14
3372,195
3373,126
3374,22
3375,84
3376,11
3377,5
3378,7
3379,6
3380,30
3381,35
3382,68
3383,19
3384,16
3385,90
3386,66
3387,9
3388,42
3389,35
3390,11
3391,80
3392,12
3393,8
3394,5
3395,48
3396,36
3397,1
3398,24
3399,3
3400,96
3401,36
3402,16
3403,24
3404,18
3405,12
3406,8
3407,13
3408,17
3409,112
3410,160
3411,3
3412,88
3413,30
3414,20
3415,27
3416,18
3417,20
3418,4
3419,30
3420,11
3421,21
3422,30
3423,45
3424,154
3425,32
3426,72
3427,8
3428,1
3429,26
3430,4
3431,20
3432,112
3433,100
3434,44
3435,14
3436,4
3437,4
3438,1
3439,18
3440,90
3441,6
3442,21
3443,19
3444,60
3445,9
3446,30
3447,187
3448,6
3449,9
3450,5
3451,135
3452,45
3453,7
3454,4
3455,112
3456,3
3457,4
3458,52
3459,17
3460,160
3461,50
3462,4
3463,95
3464,20
3465,3
3466,6
3467,15
3468,9
3469,170
3470,26
3471,77
3472,54
3473,4
3474,140
3475,22
3476,300
3477,9
3478,20
3479,60
3480,3
3481,72
3482,6
3483,24
3484,30
3485,3
3486,5
3487,30
3488,20
3489,40
3490,30
3491,24
3492,42
3493,1
3494,1
3495,20
3496,2
3497,6
3498,21
3499,2
3500,48
3501,5
3502,20
3503,7
3504,10
3505,33
3506,70
3507,10
3508,15
3509,13
3510,342
3511,26
3512,10
3513,20
3514,20
3515,66
3516,18
3517,28
3518,5
3519,42
3520,88
3521,1
3522,10
3523,1
3524,15
3525,2
3526,36
3527,140
3528,60
3529,4
3530,24
3531,11
3532,26
3533,20
3534,18
3535,35
3536,8
3537,27
3538,5
3539,176
3540,72
3541,6
3542,4
3543,27
3544,40
3545,27
3546,55
3547,18
3548,3
3549,4
3550,6
3551,66
3552,18
3553,54
3554,4
3555,15
3556,88
3557,10
3558,208
3559,14
3560,36
3561,12
3562,28
3563,4
3564,120
3565,14
3566,2
3567,4
3568,112
3569,75
3570,70
3571,20
3572,110
3573,208
3574,63
3575,38
3576,72
3577,5
3578,36
3579,170
3580,65
3581,40
3582,6
3583,180
3584,18
3585,2
3586,6
3587,96
3588,84
3589,77
3590,1
3591,27
3592,98
3593,78
3594,144
3595,1
3596,12
3597,2
3598,4
3599,60
3600,21
3601,30
3602,13
3603,6
3604,54
3605,2
3606,16
3607,35
3608,96
3609,3
3610,28
3611,3
3612,12
3613,39
3614,2
3615,340
3616,23
3617,6
3618,39
3619,4
3620,3
3621,21
3622,22
3623,160
3624,12
3625,55
3626,1
3627,42
3628,4
3629,9
3630,20
3631,9
3632,234
3633,54
3634,12
3635,12
3636,5
3637,104
3638,32
3639,24
3640,7
3641,12
3642,9
3643,7
3644,4
3645,15
3646,108
3647,9
3648,112
3649,10
3650,19
3651,100
3652,18
3653,1
3654,104
3655,34
3656,7
3657,21
3658,60
3659,6
3660,15
3661,12
3662,14
3663,9
3664,96
3665,10
3666,150
3667,1
3668,147
3669,3
3670,12
3671,32
3672,8
3673,4
3674,36
3675,6
3676,75
3677,45
3678,2
3679,2
3680,14
3681,18
3682,8
3683,16
3684,63
3685,130
3686,8
3687,190
3688,16
3689,5
3690,14
3691,18
3692,4
3693,16
3694,26
3695,21
3696,144
3697,50
3698,34
3699,8
3700,12
3701,21
3702,12
3703,4
3704,9
3705,112
3706,242
3707,15
3708,1
3709,54
3710,40
3711,17
3712,9
3713,16
3714,168
3715,42
3716,1
3717,16
3718,22
3719,5
3720,75
3721,104
3722,1
3723,7
3724,60
3725,16
3726,6
3727,2
3728,2
3729,28
3730,63
3731,30
3732,28
3733,11
3734,195
3735,16
3736,30
3737,25
3738,60
3739,33
3740,16
3741,63
3742,18
3743,3
3744,90
3745,56
3746,90
3747,20
3748,48
3749,28
3750,32
3751,108
3752,32
3753,108
3754,4
3755,15
3756,30
3757,10
3758,14
3759,84
3760,6
3761,27
3762,96
3763,8
3764,44
3765,12
3766,33
3767,168
3768,171
3769,25
3770,14
3771,8
3772,30
3773,9
3774,21
3775,45
3776,2
3777,13
3778,10
3779,8
3780,40
3781,13
3782,20
3783,9
3784,28
3785,33
3786,34
3787,418
3788,120
3789,8
3790,1
3791,9
3792,8
3793,85
3794,66
3795,52
3796,12
3797,9
3798,28
3799,24
3800,24
3801,60
3802,50
3803,32
3804,24
3805,32
3806,12
3807,7
3808,42
3809,56
3810,8
3811,6
3812,63
3813,25
3814,40
3815,3
3816,168
3817,10
3818,4
3819,5
3820,48
3821,13
3822,35
3823,3
3824,18
3825,66
3826,8
3827,2
3828,18
3829,60
3830,18
3831,20
3832,3
3833,33
3834,154
3835,150
3836,26
3837,5
3838,8
3839,8
3840,3
3841,13
3842,32
3843,45
3844,8
3845,60
3846,2
3847,30
3848,81
3849,48
3850,17
3851,12
3852,22
3853,12
3854,2
3855,65
3856,27
3857,39
3858,60
3859,12
3860,18
3861,63
3862,30
3863,216
3864,1
3865,26
3866,15
3867,10
3868,10
3869,4
3870,8
3871,1
3872,52
3873,27
3874,6
3875,45
3876,1
3877,40
3878,24
3879,2
3880,39
3881,2
3882,2
3883,42
3884,8
3885,84
3886,40
3887,18
3888,8
3889,10
3890,4
3891,22
3892,4
3893,6
3894,121
3895,32
3896,72
3897,1
3898,90
3899,96
3900,6
3901,84
3902,12
3903,40
3904,20
3905,22
3906,6
3907,192
3908,10
3909,7
3910,14
3911,36
3912,96
3913,8
3914,256
3915,8
3916,224
3917,3
3918,63
3919,1
3920,6
3921,143
3922,15
3923,6
3924,20
3925,63
3926,12
3927,4
3928,12
3929,112
3930,121
3931,9
3932,3
3933,8
3934,30
3935,27
3936,2
3937,96
3938,110
3939,132
3940,2
3941,2
3942,72
3943,1
3944,104
3945,63
3946,126
3947,12
3948,30
3949,48
3950,26
3951,6
3952,24
3953,120
3954,25
3955,44
3956,9
3957,153
3958,10
3959,55
3960,36
3961,80
3962,4
3963,112
3964,11
3965,72
3966,18
3967,30
3968,9
3969,132
3970,30
3971,15
3972,8
3973,24
3974,11
3975,171
3976,40
3977,1
3978,12
3979,9
3980,154
3981,3
3982,45
3983,1
3984,48
3985,30
3986,289
3987,20
3988,54
3989,12
3990,30
3991,25
3992,4
3993,12
3994,6
3995,8
3996,168
3997,14
3998,24
3999,12
4000,84
4001,34
4002,3
4003,91
4004,36
4005,10
4006,3
4007,60
4008,52
4009,252
4010,136
4011,39
4012,7
4013,12
4014,27
4015,12
4016,108
4017,112
4018,10
4019,33
4020,156
4021,12
4022,190
4023,128
4024,104
4025,20
4026,6
4027,14
4028,210
4029,90
4030,198
4031,1
4032,90
4033,4
4034,25
4035,126
4036,8
4037,16
4038,70
4039,195
4040,4
4041,32
4042,42
4043,96
4044,126
4045,4
4046,40
4047,336
4048,9
4049,60
4050,1
4051,13
4052,56
4053,15
4054,128
4055,22
4056,5
4057,45
4058,22
4059,3
4060,24
4061,18
4062,32
4063,10
4064,72
4065,17
4066,114
4067,1
4068,3
4069,12
4070,30
4071,40
4072,24
4073,21
4074,15
4075,180
4076,24
4077,3
4078,15
4079,56
4080,27
4081,16
4082,60
4083,48
4084,18
4085,204
4086,70
4087,210
4088,256
4089,5
4090,117
4091,6
4092,12
4093,65
4094,20
4095,3
4096,10
4097,33
4098,12
4099,96
4100,7
4101,12
4102,3
4103,51
4104,102
4105,6
4106,104
4107,3
4108,70
4109,24
4110,24
4111,15
4112,80
4113,2
4114,90
4115,30
4116,6
4117,55
4118,52
4119,195
4120,16
4121,5
4122,160
4123,90
4124,7
4125,3
4126,11
4127,32
4128,8
4129,6
4130,170
4131,7
4132,5
4133,6
4134,90
4135,18
4136,225
4137,57
4138,76
4139,8
4140,2
4141,22
4142,3
4143,64
4144,10
4145,2
4146,2
4147,24
4148,36
4149,6
4150,126
4151,12
4152,100
4153,2
4154,27
4155,221
4156,16
4157,20
4158,42
4159,12
4160,1
4161,88
4162,90
4163,5
4164,60
4165,21
4166,8
4167,4
4168,24
4169,3
4170,14
4171,20
4172,42
4173,4
4174,10
4175,72
4176,12
4177,8
4178,176
4179,51
4180,9
4181,154
4182,39
4183,195
4184,8
4185,16
4186,55
4187,2
4188,24
4189,11
4190,40
4191,77
4192,99
4193,8
4194,2
4195,120
4196,91
4197,1
4198,42
4199,198
4200,3
4201,68
4202,27
4203,3
4204,8
4205,63
4206,30
4207,45
4208,25
4209,9
4210,65
4211,39
4212,66
4213,7
4214,6
4215,182
4216,60
4217,1
4218,34
4219,15
4220,104
4221,39
4222,16
4223,135
4224,39
4225,42
4226,20
4227,9
4228,4
4229,16
4230,8
4231,5
4232,70
4233,18
4234,30
4235,4
4236,2
4237,143
4238,22
4239,114
4240,60
4241,11
4242,44
4243,30
4244,5
4245,16
4246,119
4247,68
4248,24
4249,2
4250,48
4251,5
4252,6
4253,6
4254,38
4255,36
4256,48
4257,10
4258,40
4259,24
4260,9
4261,60
4262,27
4263,6
4264,42
4265,9
4266,1
4267,14
4268,1
4269,72
4270,8
4271,1
4272,1
4273,8
4274,7
4275,22
4276,28
4277,20
4278,42
4279,3
4280,2
4281,15
4282,4
4283,114
4284,30
4285,42
4286,3
4287,13
4288,88
4289,121
4290,1
4291,50
4292,7
4293,72
4294,15
4295,72
4296,54
4297,14
4298,12
4299,7
4300,5
4301,9
4302,24
4303,3
4304,78
4305,20
4306,72
4307,5
4308,20
4309,68
4310,12
4311,6
4312,10
4313,84
4314,45
4315,28
4316,19
4317,34
4318,12
4319,70
4320,12
4321,18
4322,75
4323,24
4324,32
4325,2
4326,84
4327,16
4328,20
4329,10
4330,180
4331,91
4332,14
4333,16
4334,39
4335,6
4336,14
4337,104
4338,1
4339,56
4340,1
4341,68
4342,57
4343,4
4344,10
4345,8
4346,3
4347,45
4348,18
4349,18
4350,77
4351,20
4352,77
4353,36
4354,114
4355,130
4356,12
4357,5
4358,3
4359,63
4360,221
4361,6
4362,120
4363,33
4364,81
4365,51
4366,20
4367,4
4368,130
4369,110
4370,224
4371,119
4372,40
4373,40
4374,5
4375,30
4376,18
4377,14
4378,35
4379,5
4380,44
4381,8
4382,95
4383,105
4384,54
4385,126
4386,1
4387,20
4388,13
4389,21
4390,119
4391,1
4392,6
4393,35
4394,224
4395,54
4396,16
4397,169
4398,35
4399,1
4400,70
4401,81
4402,144
4403,16
4404,6
4405,5
4406,56
4407,6
4408,15
4409,42
4410,6
4411,198
4412,1
4413,15
4414,12
4415,9
4416,6
4417,78
4418,42
4419,44
4420,2
4421,6
4422,3
4423,20
4424,25
4425,24
4426,2
4427,20
4428,66
4429,133
4430,66
4431,22
4432,152
4433,84
4434,10
4435,2
4436,4
4437,10
4438,65
4439,44
4440,36
4441,52
4442,9
4443,52
4444,110
4445,4
4446,35
4447,4
4448,54
4449,10
4450,80
4451,25
4452,6
4453,64
4454,15
4455,69
4456,70
4457,24
4458,4
4459,50
4460,64
4461,24
4462,10
4463,2
4464,3
4465,18
4466,50
4467,60
4468,56
4469,8
4470,9
4471,3
4472,14
4473,78
4474,11
4475,3
4476,16
4477,88
4478,208
4479,6
4480,25
4481,7
4482,14
4483,6
4484,16
4485,4
4486,14
4487,90
4488,18
4489,3
4490,3
4491,4
4492,7
4493,20
4494,51
4495,38
4496,65
4497,32
4498,5
4499,90
4500,12
4501,33
4502,52
4503,35
4504,1
4505,2
4506,32
4507,9
4508,63
4509,8
4510,3
4511,18
4512,15
4513,81
4514,12
4515,120
4516,8
4517,8
4518,272
4519,24
4520,40
4521,6
4522,34
4523,2
4524,28
4525,14
4526,48
4527,52
4528,45
4529,20
4530,5
4531,26
4532,20
4533,230
4534,3
4535,26
4536,9
4537,112
4538,45
4539,20
4540,6
4541,77
4542,28
4543,150
4544,238
4545,15
4546,22
4547,105
4548,40
4549,20
4550,168
4551,12
4552,36
4553,15
4554,24
4555,54
4556,12
4557,154
4558,77
4559,180
4560,5
4561,40
4562,6
4563,22
4564,24
4565,108
4566,56
4567,130
4568,40
4569,12
4570,2
4571,150
4572,12
4573,9
4574,8
4575,14
4576,49
4577,21
4578,152
4579,38
4580,12
4581,54
4582,28
4583,24
4584,55
4585,8
4586,40
4587,70
4588,8
4589,50
4590,2
4591,114
4592,104
4593,133
4594,10
4595,23
4596,10
4597,64
4598,39
4599,3
4600,44
4601,10
4602,5
4603,209
4604,3
4605,35
4606,39
4607,156
4608,12
4609,14
4610,33
4611,6
4612,14
4613,33
4614,60
4615,5
4616,49
4617,10
4618,10
4619,11
4620,2
4621,2
4622,2
4623,13
4624,12
4625,42
4626,12
4627,60
4628,5
4629,4
4630,154
4631,19
4632,15
4633,3
4634,65
4635,12
4636,40
4637,16
4638,25
4639,6
4640,198
4641,100
4642,126
4643,24
4644,204
4645,266
4646,12
4647,6
4648,15
4649,27
4650,3
4651,2
4652,20
4653,30
4654,4
4655,10
4656,6
4657,21
4658,10
4659,30
4660,40
4661,32
4662,42
4663,56
4664,266
4665,56
4666,6
4667,68
4668,209
4669,27
4670,6
4671,45
4672,80
4673,4
4674,64
4675,68
4676,3
4677,19
4678,44
4679,6
4680,119
4681,21
4682,9
4683,12
4684,80
4685,171
4686,180
4687,306
4688,34
4689,2
4690,114
4691,28
4692,24
4693,21
4694,63
4695,20
4696,9
4697,27
4698,1
4699,64
4700,66
4701,30
4702,8
4703,48
4704,30
4705,5
4706,66
4707,6
4708,24
4709,27
4710,60
4711,165
4712,8
4713,18
4714,150
4715,20
4716,5
4717,9
4718,44
4719,16
4720,160
4721,40
4722,108
4723,9
4724,13
4725,3
4726,85
4727,3
4728,4
4729,20
4730,55
4731,24
4732,48
4733,70
4734,380
4735,28
4736,36
4737,4
4738,81
4739,208
4740,48
4741,14
4742,16
4743,54
4744,75
4745,24
4746,40
4747,7
4748,2
4749,144
4750,15
4751,40
4752,96
4753,24
4754,20
4755,28
4756,4
4757,21
4758,130
4759,4
4760,11
4761,45
4762,15
4763,39
4764,8
4765,28
4766,4
4767,60
4768,39
4769,20
4770,264
4771,15
4772,14
4773,72
4774,18
4775,3
4776,4
4777,7
4778,30
4779,5
4780,91
4781,8
4782,112
4783,6
4784,20
4785,1
4786,308
4787,8
4788,72
4789,7
4790,35
4791,5
4792,6
4793,180
4794,27
4795,6
4796,75
4797,6
4798,8
4799,40
4800,12
4801,24
4802,9
4803,21
4804,143
4805,36
4806,7
4807,21
4808,30
4809,156
4810,8
4811,45
4812,8
4813,36
4814,16
4815,9
4816,108
4817,3
4818,63
4819,18
4820,1
4821,20
4822,32
4823,35
4824,64
4825,9
4826,56
4827,33
4828,4
4829,12
4830,39
4831,15
4832,56
4833,45
4834,16
4835,15
4836,2
4837,38
4838,48
4839,6
4840,15
4841,10
4842,28
4843,56
4844,2
4845,21
4846,36
4847,6
4848,15
4849,90
4850,6
4851,38
4852,8
4853,135
4854,16
4855,224
4856,42
4857,63
4858,48
4859,80
4860,11
4861,10
4862,105
4863,4
4864,44
4865,51
4866,5
4867,156
4868,26
4869,6
4870,48
4871,60
4872,8
4873,3
4874,238
4875,78
4876,42
4877,92
4878,14
4879,21
4880,20
4881,24
4882,6
4883,117
4884,80
4885,4
4886,10
4887,48
4888,54
4889,72
4890,90
4891,105
4892,16
4893,1
4894,8
4895,154
4896,169
4897,34
4898,160
4899,40
4900,20
4901,40
4902,10
4903,10
4904,26
4905,54
4906,72
4907,57
4908,16
4909,4
4910,25
4911,8
4912,6
4913,224
4914,21
4915,16
4916,2
4917,18
4918,4
4919,90
4920,120
4921,112
4922,6
4923,30
4924,15
4925,32
4926,209
4927,27
4928,96
4929,14
4930,26
4931,10
4932,12
4933,18
4934,102
4935,65
4936,45
4937,51
4938,26
4939,114
4940,14
4941,10
4942,20
4943,78
4944,264
4945,342
4946,22
4947,45
4948,132
4949,8
4950,10
4951,2
4952,21
4953,144
4954,32
4955,10
4956,63
4957,45
4958,54
4959,5
4960,120
4961,30
4962,12
4963,160
4964,8
4965,105
4966,1
4967,40
4968,15
4969,11
4970,10
4971,1
4972,154
4973,114
4974,90
4975,9
4976,28
4977,84
4978,36
4979,4
4980,88
4981,56
4982,110
4983,19
4984,6
4985,4
4986,60
4987,21
4988,8
4989,18
4990,6
4991,19
4992,4
4993,10
4994,36
4995,33
4996,32
4997,3
4998,5
4999,30
5000,114
5001,2
5002,22
5003,24
5004,10
5005,9
5006,8
5007,32
5008,4
5009,7
5010,3
5011,21
5012,54
5013,4
5014,12
5015,7
5016,13
5017,49
5018,24
5019,2
5020,40
5021,10
5022,98
5023,20
5024,2
5025,21
5026,6
5027,36
5028,56
5029,6
5030,21
5031,13
5032,3
5033,4
5034,15
5035,2
5036,6
5037,84
5038,30
5039,110
5040,22
5041,16
5042,6
5043,38
5044,9
5045,32
5046,45
5047,105
5048,88
5049,20
5050,91
5051,18
5052,27
5053,27
5054,230
5055,6
5056,1
5057,6
5058,2
5059,4
5060,8
5061,48
5062,2
5063,6
5064,45
5065,65
5066,108
5067,2
5068,1
5069,3
5070,50
5071,120
5072,96
5073,18
5074,12
5075,15
5076,15
5077,2
5078,44
5079,26
5080,72
5081,4
5082,72
5083,176
5084,8
5085,7
5086,15
5087,8
5088,3
5089,20
5090,75
5091,33
5092,9
5093,28
5094,39
5095,18
5096,20
5097,15
5098,56
5099,11
5100,32
5101,96
5102,60
5103,130
5104,4
5105,120
5106,22
5107,3
5108,26
5109,72
5110,110
5111,20
5112,36
5113,5
5114,90
5115,66
5116,48
5117,17
5118,10
5119,12
5120,15
5121,45
5122,144
5123,72
5124,60
5125,20
5126,28
5127,12
5128,15
5129,100
5130,45
5131,2
5132,80
5133,3
5134,6
5135,84
5136,35
5137,7
5138,70
5139,171
5140,36
5141,140
5142,4
5143,6
5144,10
5145,11
5146,2
5147,7
5148,15
5149,64
5150,14
5151,204
5152,50
5153,25
5154,3
5155,119
5156,9
5157,45
5158,4
5159,66
5160,84
5161,30
5162,1
5163,150
5164,4
5165,8
5166,24
5167,10
5168,81
5169,5
5170,5
5171,78
5172,16
5173,50
5174,77
5175,6
5176,15
5177,3
5178,40
5179,56
5180,24
5181,36
5182,8
5183,18
5184,112
5185,45
5186,28
5187,35
5188,3
5189,33
5190,10
5191,56
5192,80
5193,1
5194,5
5195,60
5196,22
5197,21
5198,10
5199,12
5200,4
5201,24
5202,48
5203,7
5204,8
5205,32
5206,42
5207,72
5208,8
5209,3
5210,85
5211,4
5212,13
5213,169
5214,16
5215,88
5216,32
5217,63
5218,56
5219,16
5220,28
5221,98
5222,7
5223,20
5224,21
5225,18
5226,22
5227,147
5228,90
5229,21
5230,4
5231,40
5232,22
5233,20
5234,32
5235,140
5236,3
5237,20
5238,128
5239,84
5240,12
5241,55
5242,5
5243,7
5244,300
5245,36
5246,80
5247,80
5248,11
5249,153
5250,7
5251,42
5252,8
5253,10
5254,3
5255,14
5256,11
5257,32
5258,21
5259,220
5260,96
5261,156
5262,140
5263,32
5264,169
5265,20
5266,42
5267,6
5268,102
5269,32
5270,90
5271,216
5272,10
5273,28
5274,4
5275,7
5276,1
5277,54
5278,104
5279,48
5280,160
5281,21
5282,50
5283,6
5284,24
5285,5
5286,28
5287,20
5288,15
5289,2
5290,5
5291,9
5292,85
5293,120
5294,6
5295,5
5296,18
5297,135
5298,49
5299,60
5300,96
5301,44
5302,1
5303,24
5304,200
5305,32
5306,20
5307,57
5308,49
5309,34
5310,15
5311,6
5312,110
5313,25
5314,35
5315,20
5316,3
5317,28
5318,6
5319,143
5320,18
5321,2
5322,21
5323,46
5324,2
5325,16
5326,100
5327,1
5328,18
5329,7
5330,6
5331,120
5332,85
5333,36
5334,65
5335,72
5336,78
5337,27
5338,1
5339,204
5340,273
5341,15
5342,21
5343,6
5344,30
5345,208
5346,18
5347,153
5348,30
5349,6
5350,90
5351,36
5352,4
5353,52
5354,68
5355,8
5356,42
5357,27
5358,104
5359,5
5360,70
5361,30
5362,110
5363,270
5364,48
5365,8
5366,15
5367,40
5368,90
5369,12
5370,85
5371,16
5372,35
5373,26
5374,6
5375,4
5376,4
5377,4
5378,45
5379,7
5380,10
5381,4
5382,72
5383,20
5384,136
5385,1
5386,5
5387,18
5388,60
5389,84
5390,16
5391,8
5392,54
5393,105
5394,20
5395,104
5396,2
5397,81
5398,39
5399,23
5400,16
5401,10
5402,72
5403,5
5404,2
5405,64
5406,15
5407,18
5408,24
5409,6
5410,75
5411,3
5412,4
5413,3
5414,8
5415,11
5416,18
5417,18
5418,3
5419,22
5420,120
5421,22
5422,133
5423,6
5424,8
5425,14
5426,195
5427,9
5428,52
5429,4
5430,5
5431,30
5432,56
5433,252
5434,52
5435,24
5436,10
5437,1
5438,132
5439,14
5440,102
5441,6
5442,9
5443,330
5444,154
5445,12
5446,33
5447,119
5448,45
5449,16
5450,25
5451,380
5452,16
5453,12
5454,135
5455,4
5456,12
5457,126
5458,143
5459,144
5460,288
5461,105
5462,5
5463,56
5464,28
5465,10
5466,28
5467,65
5468,18
5469,198
5470,76
5471,300
5472,3
5473,48
5474,154
5475,2
5476,72
5477,21
5478,12
5479,3
5480,20
5481,72
5482,96
5483,84
5484,42
5485,64
5486,51
5487,56
5488,14
5489,28
5490,60
5491,6
5492,7
5493,10
5494,7
5495,40
5496,12
5497,18
5498,144
5499,1
5500,24
5501,13
5502,7
5503,18
5504,60
5505,5
5506,160
5507,57
5508,3
5509,6
5510,72
5511,4
5512,3
5513,54
5514,396
5515,25
5516,20
5517,18
5518,45
5519,5
5520,10
5521,26
5522,126
5523,63
5524,4
5525,21
5526,3
5527,49
5528,6
5529,6
5530,153
5531,4
5532,35
5533,12
5534,8
5535,8
5536,33
5537,6
5538,56
5539,56
5540,3
5541,48
5542,14
5543,171
5544,8
5545,16
5546,45
5547,75
5548,51
5549,20
5550,3
5551,126
5552,1
5553,80
5554,2
5555,2
5556,136
5557,300
5558,14
5559,60
5560,80
5561,14
5562,14
5563,4
5564,45
5565,22
5566,7
5567,48
5568,136
5569,14
5570,27
5571,28
5572,84
5573,9
5574,8
5575,12
5576,120
5577,8
5578,3
5579,90
5580,12
5581,195
5582,12
5583,6
5584,17
5585,96
5586,1
5587,2
5588,18
5589,22
5590,10
5591,10
5592,21
5593,16
5594,35
5595,1
5596,160
5597,84
5598,28
5599,15
5600,44
5601,3
5602,10
5603,20
5604,11
5605,16
5606,10
5607,2
5608,64
5609,48
5610,285
5611,210
5612,60
5613,60
5614,30
5615,10
5616,4
5617,44
5618,2
5619,16
5620,36
5621,28
5622,54
5623,168
5624,60
5625,68
5626,24
5627,14
5628,24
5629,22
5630,16
5631,72
5632,42
5633,40
5634,264
5635,9
5636,30
5637,63
5638,63
5639,238
5640,6
5641,140
5642,2
5643,26
5644,16
5645,26
5646,6
5647,8
5648,48
5649,6
5650,2
5651,4
5652,4
5653,25
5654,15
5655,60
5656,50
5657,18
5658,11
5659,16
5660,18
5661,120
5662,54
5663,80
5664,48
5665,16
5666,4
5667,8
5668,2
5669,91
5670,60
5671,88
5672,18
5673,144
5674,15
5675,20
5676,70
5677,12
5678,20
5679,13
5680,11
5681,80
5682,1
5683,12
5684,12
5685,6
5686,1
5687,20
5688,88
5689,18
5690,140
5691,3
5692,15
5693,2
5694,35
5695,117
5696,132
5697,16
5698,20
5699,4
5700,2
5701,26
5702,35
5703,208
5704,8
5705,30
5706,4
5707,1
5708,80
5709,65
5710,45
5711,8
5712,9
5713,30
5714,24
5715,3
5716,24
5717,12
5718,210
5719,108
5720,144
5721,32
5722,54
5723,36
5724,12
5725,84
5726,136
5727,60
5728,120
5729,3
5730,14
5731,32
5732,2
5733,100
5734,143
5735,35
5736,6
5737,110
5738,176
5739,26
5740,10
5741,26
5742,4
5743,20
5744,6
5745,56
5746,30
5747,3
5748,5
5749,90
5750,16
5751,96
5752,8
5753,10
5754,7
5755,24
5756,65
5757,20
5758,8
5759,12
5760,12
5761,3
5762,112
5763,26
5764,75
5765,17
5766,8
5767,13
5768,4
5769,30
5770,15
5771,1
5772,25
5773,22
5774,2
5775,27
5776,10
5777,24
5778,10
5779,6
5780,9
5781,18
5782,57
5783,6
5784,1
5785,22
5786,1
5787,14
5788,20
5789,10
5790,10
5791,6
5792,10
5793,20
5794,63
5795,12
5796,2
5797,15
5798,132
5799,84
5800,10
5801,112
5802,65
5803,3
5804,48
5805,24
5806,18
5807,5
5808,2
5809,48
5810,5
5811,18
5812,12
5813,18
5814,49
5815,28
5816,60
5817,1
5818,2
5819,80
5820,3
5821,160
5822,11
5823,19
5824,15
5825,9
5826,1
5827,110
5828,45
5829,180
5830,12
5831,126
5832,2
5833,1
5834,24
5835,13
5836,5
5837,7
5838,30
5839,25
5840,7
5841,3
5842,2
5843,21
5844,12
5845,18
5846,15
5847,6
5848,65
5849,28
5850,42
5851,48
5852,57
5853,55
5854,66
5855,221
5856,36
5857,153
5858,36
5859,20
5860,24
5861,13
5862,80
5863,21
5864,3
5865,1
5866,3
5867,1
5868,15
5869,18
5870,30
5871,10
5872,5
5873,10
5874,48
5875,30
5876,32
5877,12
5878,32
5879,15
5880,8
5881,48
5882,28
5883,16
5884,32
5885,64
5886,8
5887,6
5888,60
5889,22
5890,15
5891,4
5892,340
5893,9
5894,68
5895,20
5896,2
5897,54
5898,6
5899,45
5900,4
5901,21
5902,7
5903,1
5904,60
5905,8
5906,20
5907,30
5908,117
5909,156
5910,30
5911,20
5912,9
5913,48
5914,2
5915,25
5916,22
5917,84
5918,28
5919,40
5920,12
5921,66
5922,11
5923,8
5924,42
5925,24
5926,49
5927,162
5928,15
5929,9
5930,195
5931,5
5932,5
5933,60
5934,88
5935,28
5936,39
5937,44
5938,40
5939,14
5940,36
5941,54
5942,2
5943,60
5944,4
5945,12
5946,4
5947,15
5948,16
5949,10
5950,30
5951,21
5952,1
5953,5
5954,77
5955,12
5956,1
5957,12
5958,11
5959,18
5960,30
5961,11
5962,24
5963,27
5964,11
5965,48
5966,17
5967,38
5968,8
5969,45
5970,40
5971,84
5972,12
5973,44
5974,12
5975,144
5976,40
5977,9
5978,6
5979,10
5980,39
5981,60
5982,12
5983,52
5984,30
5985,6
5986,209
5987,1
5988,98
5989,22
5990,8
5991,22
5992,10
5993,110
5994,90
5995,68
5996,1
5997,6
5998,7
5999,52
6000,25
6001,8
6002,180
6003,14
6004,2
6005,36
6006,52
6007,1
6008,330
6009,209
6010,4
6011,140
6012,24
6013,5
6014,8
6015,4
6016,32
6017,64
6018,36
6019,8
6020,5
6021,17
6022,99
6023,8
6024,84
6025,294
6026,32
6027,8
6028,2
6029,2
6030,9
6031,20
6032,15
6033,15
6034,24
6035,36
6036,10
6037,17
6038,5
6039,204
6040,66
6041,72
6042,8
6043,36
6044,286
6045,45
6046,285
6047,8
6048,5
6049,3
6050,4
6051,16
6052,40
6053,1
6054,42
6055,6
6056,24
6057,3
6058,30
6059,112
6060,14
6061,12
6062,7
6063,2
6064,22
6065,38
6066,11
6067,24
6068,12
6069,50
6070,8
6071,50
6072,15
6073,10
6074,20
6075,9
6076,28
6077,18
6078,49
6079,20
6080,135
6081,16
6082,80
6083,6
6084,14
6085,220
6086,3
6087,16
6088,70
6089,8
6090,32
6091,9
6092,108
6093,12
6094,90
6095,98
6096,40
6097,160
6098,5
6099,16
6100,154
6101,17
6102,15
6103,80
6104,78
6105,4
6106,80
6107,4
6108,15
6109,4
6110,6
6111,50
6112,20
6113,50
6114,8
6115,30
6116,20
6117,32
6118,42
6119,20
6120,2
6121,39
6122,112
6123,32
6124,10
6125,9
6126,16
6127,8
6128,5
6129,8
6130,2
6131,10
6132,4
6133,28
6134,10
6135,78
6136,14
6137,24
6138,24
6139,42
6140,6
6141,48
6142,119
6143,60
6144,2
6145,45
6146,1
6147,18
6148,2
6149,85
6150,6
6151,44
6152,24
6153,24
6154,6
6155,126
6156,100
6157,80
6158,6
6159,10
6160,33
6161,51
6162,9
6163,9
6164,5
6165,6
6166,23
6167,24
6168,9
6169,48
6170,2
6171,21
6172,3
6173,12
6174,12
6175,60
6176,80
6177,95
6178,14
6179,63
6180,80
6181,1
6182,32
6183,6
6184,10
6185,24
6186,45
6187,12
6188,91
6189,24
6190,77
6191,40
6192,90
6193,180
6194,18
6195,3
6196,30
6197,1
6198,1
6199,6
6200,225
6201,2
6202,135
6203,18
6204,154
6205,84
6206,34
6207,10
6208,8
6209,195
6210,12
6211,255
6212,35
6213,112
6214,156
6215,3
6216,20
6217,24
6218,15
6219,360
6220,49
6221,56
6222,117
6223,12
6224,45
6225,16
6226,8
6227,18
6228,16
6229,18
6230,6
6231,20
6232,66
6233,5
6234,80
6235,14
6236,51
6237,2
6238,12
6239,16
6240,9
6241,32
6242,3
6243,16
6244,180
6245,117
6246,22
6247,5
6248,9
6249,209
6250,3
6251,4
6252,76
6253,11
6254,56
6255,18
6256,42
6257,315
6258,36
6259,4
6260,12
6261,294
6262,68
6263,20
6264,64
6265,18
6266,90
6267,12
6268,44
6269,6
6270,40
6271,22
6272,30
6273,60
6274,18
6275,5
6276,2
6277,20
6278,2
6279,112
6280,30
6281,12
6282,180
6283,2
6284,3
6285,14
6286,11
6287,5
6288,40
6289,210
6290,2
6291,88
6292,36
6293,3
6294,77
6295,105
6296,84
6297,45
6298,8
6299,10
6300,6
6301,65
6302,36
6303,54
6304,180
6305,28
6306,100
6307,1
6308,1
6309,1
6310,26
6311,102
6312,42
6313,15
6314,14
6315,4
6316,56
6317,60
6318,165
6319,6
6320,10
6321,117
6322,70
6323,21
6324,63
6325,6
6326,2
6327,42
6328,48
6329,30
6330,21
6331,12
6332,2
6333,143
6334,18
6335,45
6336,77
6337,176
6338,11
6339,4
6340,144
6341,119
6342,8
6343,6
6344,1
6345,6
6346,12
6347,30
6348,2
6349,96
6350,102
6351,9
6352,30
6353,12
6354,1
6355,8
6356,30
6357,14
6358,36
6359,7
6360,8
6361,80
6362,6
6363,14
6364,54
6365,12
6366,48
6367,52
6368,9
6369,182
6370,26
6371,15
6372,18
6373,17
6374,143
6375,285
6376,2
6377,20
6378,54
6379,14
6380,4
6381,36
6382,36
6383,40
6384,30
6385,169
6386,2
6387,60
6388,4
6389,12
6390,40
6391,21
6392,180
6393,6
6394,5
6395,420
6396,45
6397,16
6398,20
6399,6
6400,3
6401,9
6402,15
6403,24
6404,1
6405,12
6406,24
6407,26
6408,85
6409,10
6410,6
6411,14
6412,204
6413,1
6414,20
6415,46
6416,77
6417,88
6418,12
6419,8
6420,30
6421,8
6422,120
6423,144
6424,6
6425,48
6426,10
6427,9
6428,13
6429,14
6430,6
6431,44
6432,64
6433,135
6434,60
6435,6
6436,3
6437,60
6438,195
6439,30
6440,8
6441,84
6442,4
6443,28
6444,60
6445,4
6446,6
6447,96
6448,6
6449,36
6450,2
6451,54
6452,45
6453,2
6454,9
6455,16
6456,50
6457,12
6458,18
6459,36
6460,90
6461,24
6462,42
6463,8
6464,17
6465,4
6466,105
6467,10
6468,1
6469,108
6470,45
6471,1
6472,45
6473,40
6474,35
6475,8
6476,3
6477,1
6478,42
6479,54
6480,4
6481,10
6482,140
6483,32
6484,90
6485,12
6486,64
6487,5
6488,2
6489,1
6490,6
6491,39
6492,30
6493,9
6494,6
6495,24
6496,4
6497,22
6498,35
6499,30
6500,26
6501,4
6502,22
6503,52
6504,30
6505,26
6506,6
6507,49
6508,40
6509,112
6510,15
6511,90
6512,3
6513,65
6514,6
6515,32
6516,5
6517,36
6518,20
6519,32
6520,7
6521,50
6522,12
6523,15
6524,4
6525,72
6526,15
6527,52
6528,18
6529,5
6530,8
6531,30
6532,16
6533,80
6534,15
6535,78
6536,9
6537,105
6538,12
6539,24
6540,16
6541,15
6542,60
6543,240
6544,40
6545,1
6546,7
6547,16
6548,84
6549,4
6550,2
6551,6
6552,5
6553,7
6554,84
6555,1
6556,8
6557,18
6558,13
6559,91
6560,1
6561,6
6562,12
6563,130
6564,27
6565,4
6566,72
6567,2
6568,13
6569,42
6570,180
6571,90
6572,120
6573,96
6574,91
6575,8
6576,4
6577,2
6578,70
6579,34
6580,11
6581,110
6582,51
6583,95
6584,8
6585,345
6586,12
6587,7
6588,1
6589,170
6590,126
6591,15
6592,4
6593,21
6594,63
6595,66
6596,50
6597,6
6598,165
6599,26
6600,77
6601,91
6602,40
6603,5
6604,24
6605,30
6606,40
6607,9
6608,12
6609,22
6610,9
6611,5
6612,10
6613,60
6614,5
6615,2
6616,9
6617,8
6618,14
6619,6
6620,15
6621,20
6622,14
6623,15
6624,60
6625,112
6626,9
6627,80
6628,108
6629,45
6630,40
6631,2
6632,16
6633,42
6634,2
6635,72
6636,210
6637,18
6638,9
6639,195
6640,90
6641,16
6642,2
6643,98
6644,30
6645,24
6646,16
6647,16
6648,9
6649,117
6650,19
6651,10
6652,48
6653,180
6654,12
6655,4
6656,24
6657,180
6658,40
6659,45
6660,50
6661,16
6662,45
6663,1
6664,9
6665,14
6666,32
6667,10
6668,18
6669,121
6670,34
6671,3
6672,4
6673,65
6674,12
6675,40
6676,12
6677,32
6678,78
6679,64
6680,264
6681,96
6682,45
6683,30
6684,20
6685,2
6686,54
6687,4
6688,16
6689,144
6690,12
6691,16
6692,30
6693,33
6694,54
6695,42
6696,56
6697,3
6698,112
6699,42
6700,21
6701,5
6702,18
6703,78
6704,136
6705,20
6706,2
6707,18
6708,12
6709,15
6710,32
6711,45
6712,2
6713,4
6714,14
6715,30
6716,18
6717,18
6718,49
6719,20
6720,154
6721,3
6722,128
6723,16
6724,90
6725,66
6726,78
6727,12
6728,30
6729,3
6730,13
6731,14
6732,8
6733,12
6734,3
6735,52
6736,168
6737,2
6738,6
6739,9
6740,9
6741,162
6742,24
6743,4
6744,10
6745,1
6746,17
6747,63
6748,204
6749,60
6750,14
6751,42
6752,7
6753,4
6754,32
6755,52
6756,24
6757,44
6758,33
6759,10
6760,1
6761,20
6762,20
6763,34
6764,32
6765,76
6766,15
6767,96
6768,108
6769,4
6770,4
6771,2
6772,9
6773,56
6774,10
6775,7
6776,14
6777,4
6778,165
6779,80
6780,22
6781,42
6782,13
6783,27
6784,14
6785,24
6786,42
6787,36
6788,2
6789,12
6790,65
6791,44
6792,48
6793,28
6794,66
6795,12
6796,36
6797,14
6798,15
6799,24
6800,6
6801,180
6802,112
6803,9
6804,80
6805,48
6806,140
6807,36
6808,9
6809,10
6810,5
6811,8
6812,14
6813,3
6814,2
6815,5
6816,8
6817,4
6818,18
6819,1
6820,50
6821,5
6822,24
6823,2
6824,5
6825,10
6826,63
6827,2
6828,16
6829,54
6830,49
6831,252
6832,20
6833,165
6834,14
6835,70
6836,33
6837,190
6838,18
6839,105
6840,36
6841,11
6842,72
6843,51
6844,5
6845,418
6846,27
6847,32
6848,7
6849,10
6850,5
6851,11
6852,2
6853,27
6854,32
6855,304
6856,13
6857,154
6858,9
6859,16
6860,78
6861,15
6862,1
6863,9
6864,2
6865,2
6866,3
6867,8
6868,15
6869,18
6870,110
6871,33
6872,17
6873,20
6874,21
6875,4
6876,1
6877,7
6878,35
6879,2
6880,45
6881,12
6882,14
6883,28
6884,240
6885,112
6886,5
6887,80
6888,32
6889,1
6890,2
6891,70
6892,20
6893,10
6894,252
6895,24
6896,36
6897,40
6898,2
6899,12
6900,10
6901,10
6902,204
6903,16
6904,5
6905,55
6906,4
6907,6
6908,6
6909,48
6910,169
6911,255
6912,81
6913,6
6914,160
6915,4
6916,126
6917,20
6918,10
6919,18
6920,18
6921,88
6922,12
6923,2
6924,63
6925,6
6926,108
6927,9
6928,15
6929,70
6930,14
6931,15
6932,11
6933,56
6934,4
6935,20
6936,192
6937,15
6938,9
6939,8
6940,45
6941,80
6942,24
6943,2
6944,30
6945,24
6946,96
6947,187
6948,10
6949,85
6950,24
6951,12
6952,10
6953,12
6954,45
6955,12
6956,12
6957,25
6958,45
6959,12
6960,12
6961,21
6962,204
6963,6
6964,77
6965,2
6966,39
6967,140
6968,14
6969,18
6970,2
6971,49
6972,1
6973,140
6974,18
6975,133
6976,35
6977,10
6978,48
6979,5
6980,64
6981,10
6982,162
6983,28
6984,64
6985,2
6986,1
6987,11
6988,300
6989,6
6990,10
6991,45
6992,20
6993,170
6994,12
6995,3
6996,11
6997,11
6998,60
6999,44
7000,25
7001,16
7002,5
7003,152
7004,4
7005,5
7006,14
7007,9
7008,12
7009,152
7010,65
7011,66
7012,70
7013,19
7014,11
7015,7
7016,72
7017,2
7018,13
7019,5
7020,60
7021,48
7022,10
7023,9
7024,11
7025,126
7026,80
7027,72
7028,56
7029,20
7030,2
7031,16
7032,54
7033,34
7034,10
7035,2
7036,38
7037,24
7038,126
7039,8
7040,27
7041,1
7042,6
7043,8
7044,10
7045,10
7046,5
7047,12
7048,5
7049,56
7050,7
7051,20
7052,12
7053,104
7054,1
7055,42
7056,30
7057,115
7058,102
7059,32
7060,20
7061,28
7062,72
7063,9
7064,8
7065,36
7066,12
7067,8
7068,14
7069,72
7070,162
7071,165
7072,140
7073,60
7074,80
7075,12
7076,36
7077,12
7078,3
7079,6
7080,56
7081,4
7082,80
7083,60
7084,48
7085,30
7086,54
7087,77
7088,3
7089,40
7090,36
7091,6
7092,36
7093,4
7094,13
7095,9
7096,85
7097,4
7098,18
7099,5
7100,14
7101,34
7102,12
7103,15
7104,28
7105,33
7106,9
7107,4
7108,96
7109,8
7110,12
7111,63
7112,9
7113,48
7114,88
7115,20
7116,35
7117,144
7118,12
7119,72
7120,72
7121,4
7122,60
7123,154
7124,35
7125,14
7126,32
7127,25
7128,54
7129,4
7130,361
7131,3
7132,160
7133,4
7134,1
7135,18
7136,49
7137,77
7138,42
7139,3
7140,1
7141,195
7142,10
7143,126
7144,14
7145,84
7146,68
7147,10
7148,16
7149,3
7150,17
7151,30
7152,1
7153,20
7154,8
7155,30
7156,6
7157,75
7158,35
7159,66
7160,3
7161,28
7162,119
7163,169
7164,28
7165,45
7166,55
7167,4
7168,27
7169,12
7170,78
7171,3
7172,170
7173,16
7174,2
7175,84
7176,18
7177,20
7178,1
7179,90
7180,60
7181,12
7182,2
7183,18
7184,28
7185,2
7186,4
7187,240
7188,1
7189,9
7190,10
7191,24
7192,72
7193,56
7194,36
7195,18
7196,32
7197,6
7198,36
7199,91
7200,182
7201,4
7202,17
7203,6
7204,56
7205,44
7206,204
7207,96
7208,140
7209,45
7210,5
7211,6
7212,3
7213,11
7214,9
7215,14
7216,18
7217,9
7218,70
7219,136
7220,16
7221,4
7222,35
7223,20
7224,4
7225,3
7226,4
7227,7
7228,78
7229,3
7230,42
7231,28
7232,48
7233,42
7234,10
7235,12
7236,10
7237,42
7238,72
7239,7
7240,28
7241,60
7242,120
7243,57
7244,3
7245,84
7246,30
7247,1
7248,16
7249,299
7250,8
7251,36
7252,9
7253,224
7254,1
7255,27
7256,8
7257,85
7258,247
7259,1
7260,55
7261,9
7262,16
7263,20
7264,39
7265,30
7266,50
7267,42
7268,4
7269,13
7270,3
7271,13
7272,3
7273,12
7274,16
7275,4
7276,21
7277,8
7278,2
7279,14
7280,10
7281,46
7282,14
7283,3
7284,25
7285,85
7286,80
7287,240
7288,140
7289,16
7290,1
7291,20
7292,72
7293,66
7294,121
7295,48
7296,9
7297,1
7298,2
7299,8
7300,9
7301,42
7302,42
7303,27
7304,121
7305,78
7306,16
7307,15
7308,99
7309,1
7310,30
7311,90
7312,12
7313,171
7314,36
7315,36
7316,15
7317,9
7318,36
7319,72
7320,2
7321,12
7322,120
7323,24
7324,114
7325,3
7326,18
7327,160
7328,46
7329,169
7330,198
7331,15
7332,2
7333,2
7334,8
7335,6
7336,171
7337,17
7338,16
7339,72
7340,20
7341,18
7342,96
7343,40
7344,2
7345,10
7346,72
7347,27
7348,57
7349,2
7350,2
7351,11
7352,180
7353,19
7354,11
7355,12
7356,80
7357,16
7358,210
7359,36
7360,28
7361,75
7362,38
7363,48
7364,39
7365,16
7366,32
7367,16
7368,44
7369,35
7370,26
7371,30
7372,49
7373,42
7374,60
7375,45
7376,224
7377,16
7378,26
7379,5
7380,45
7381,120
7382,14
7383,15
7384,4
7385,6
7386,255
7387,4
7388,3
7389,224
7390,21
7391,80
7392,17
7393,5
7394,9
7395,16
7396,80
7397,121
7398,2
7399,130
7400,21
7401,1
7402,14
7403,6
7404,42
7405,154
7406,84
7407,340
7408,2
7409,54
7410,144
7411,99
7412,18
7413,51
7414,2
7415,12
7416,33
7417,110
7418,30
7419,6
7420,176
7421,32
7422,8
7423,6
7424,132
7425,8
7426,18
7427,8
7428,150
7429,38
7430,14
7431,56
7432,45
7433,15
7434,33
7435,168
7436,135
7437,9
7438,12
7439,187
7440,44
7441,126
7442,16
7443,48
7444,16
7445,225
7446,5
7447,144
7448,18
7449,208
7450,6
7451,26
7452,1
7453,28
7454,20
7455,50
7456,32
7457,88
7458,56
7459,8
7460,1
7461,77
7462,54
7463,7
7464,8
7465,91
7466,44
7467,52
7468,5
7469,56
7470,12
7471,12
7472,8
7473,108
7474,70
7475,30
7476,90
7477,12
7478,11
7479,1
7480,28
7481,228
7482,10
7483,72
7484,9
7485,18
7486,30
7487,120
7488,72
7489,6
7490,20
7491,10
7492,12
7493,17
7494,17
7495,36
7496,140
7497,105
7498,98
7499,21
7500,160
7501,35
7502,27
7503,140
7504,30
7505,6
7506,14
7507,2
7508,176
7509,10
7510,264
7511,72
7512,7
7513,60
7514,42
7515,6
7516,35
7517,27
7518,8
7519,6
7520,16
7521,18
7522,4
7523,12
7524,7
7525,6
7526,30
7527,40
7528,154
7529,2
7530,65
7531,4
7532,90
7533,247
7534,63
7535,24
7536,2
7537,4
7538,3
7539,15
7540,4
7541,8
7542,5
7543,12
7544,1
7545,6
7546,2
7547,108
7548,121
7549,7
7550,18
7551,60
7552,6
7553,20
7554,50
7555,27
7556,12
7557,8
7558,5
7559,119
7560,8
7561,48
7562,5
7563,80
7564,19
7565,6
7566,20
7567,18
7568,2
7569,120
7570,33
7571,1
7572,1
7573,28
7574,14
7575,1
7576,72
7577,70
7578,28
7579,66
7580,15
7581,21
7582,10
7583,14
7584,220
7585,36
7586,12
7587,78
7588,48
7589,63
7590,35
7591,15
7592,21
7593,5
7594,119
7595,100
7596,120
7597,17
7598,28
7599,8
7600,28
7601,11
7602,55
7603,80
7604,133
7605,28
7606,9
7607,85
7608,16
7609,27
7610,3
7611,126
7612,9
7613,51
7614,18
7615,27
7616,10
7617,38
7618,14
7619,22
7620,8
7621,18
7622,56
7623,105
7624,3
7625,88
7626,200
7627,30
7628,10
7629,28
7630,76
7631,12
7632,12
7633,56
7634,28
7635,24
7636,45
7637,1
7638,6
7639,2
7640,42
7641,18
7642,72
7643,24
7644,4
7645,2
7646,66
7647,28
7648,48
7649,56
7650,24
7651,20
7652,10
7653,210
7654,20
7655,3
7656,6
7657,180
7658,20
7659,35
7660,8
7661,160
7662,56
7663,2
7664,17
7665,1
7666,54
7667,16
7668,8
7669,33
7670,18
7671,80
7672,20
7673,24
7674,208
7675,18
7676,18
7677,15
7678,2
7679,48
7680,39
7681,21
7682,20
7683,40
7684,13
7685,2
7686,6
7687,6
7688,13
7689,48
7690,45
7691,24
7692,30
7693,119
7694,16
7695,72
7696,28
7697,299
7698,40
7699,6
7700,54
7701,18
7702,17
7703,150
7704,17
7705,2
7706,130
7707,1
7708,2
7709,3
7710,15
7711,34
7712,20
7713,160
7714,30
7715,78
7716,1
7717,16
7718,4
7719,33
7720,5
7721,21
7722,45
7723,90
7724,10
7725,4
7726,45
7727,16
7728,18
7729,18
7730,8
7731,255
7732,24
7733,9
7734,12
7735,2
7736,12
7737,32
7738,4
7739,8
7740,72
7741,8
7742,1
7743,7
7744,15
7745,70
7746,11
7747,60
7748,18
7749,60
7750,6
7751,24
7752,21
7753,64
7754,45
7755,6
7756,5
7757,11
7758,40
7759,90
7760,36
7761,105
7762,49
7763,8
7764,26
7765,6
7766,18
7767,121
7768,44
7769,28
7770,4
7771,40
7772,16
7773,40
7774,12
7775,105
7776,120
7777,15
7778,9
7779,18
7780,13
7781,16
7782,12
7783,12
7784,4
7785,48
7786,1
7787,11
7788,84
7789,56
7790,5
7791,119
7792,200
7793,99
7794,19
7795,3
7796,8
7797,100
7798,32
7799,6
7800,49
7801,84
7802,15
7803,56
7804,57
7805,90
7806,2
7807,32
7808,20
7809,10
7810,2
7811,30
7812,63
7813,4
7814,10
7815,54
7816,8
7817,1
7818,96
7819,10
7820,28
7821,28
7822,20
7823,104
7824,5
7825,195
7826,76
7827,56
7828,8
7829,65
7830,12
7831,33
7832,27
7833,66
7834,64
7835,12
7836,2
7837,56
7838,16
7839,48
7840,16
7841,63
7842,14
7843,10
7844,2
7845,30
7846,48
7847,55
7848,27
7849,221
7850,6
7851,168
7852,8
7853,6
7854,14
7855,3
7856,4
7857,52
7858,4
7859,19
7860,44
7861,10
7862,1
7863,8
7864,6
7865,70
7866,3
7867,133
7868,2
7869,14
7870,8
7871,51
7872,15
7873,55
7874,9
7875,96
7876,20
7877,24
7878,51
7879,15
7880,2
7881,35
7882,3
7883,78
7884,112
7885,24
7886,55
7887,48
7888,8
7889,91
7890,144
7891,108
7892,1
7893,80
7894,10
7895,132
7896,5
7897,16
7898,24
7899,35
7900,96
7901,48
7902,5
7903,30
7904,143
7905,8
7906,169
7907,4
7908,39
7909,110
7910,6
7911,8
7912,20
7913,16
7914,1
7915,234
7916,78
7917,36
7918,180
7919,10
7920,14
7921,11
7922,99
7923,15
7924,10
7925,6
7926,40
7927,20
7928,65
7929,6
7930,9
7931,7
7932,99
7933,68
7934,108
7935,28
7936,55
7937,2
7938,72
7939,16
7940,156
7941,90
7942,2
7943,78
7944,24
7945,5
7946,8
7947,12
7948,21
7949,15
7950,30
7951,11
7952,2
7953,16
7954,22
7955,24
7956,4
7957,187
7958,98
7959,7
7960,55
7961,14
7962,40
7963,80
7964,34
7965,88
7966,60
7967,40
7968,78
7969,27
7970,98
7971,36
7972,108
7973,14
7974,273
7975,128
7976,8
7977,4
7978,16
7979,56
7980,88
7981,21
7982,10
7983,84
7984,65
7985,108
7986,2
7987,4
7988,2
7989,2
7990,35
7991,24
7992,3
7993,11
7994,80
7995,6
7996,28
7997,18
7998,2
7999,42
