key,y
0,22
1,13
2,0
3,20
4,4
5,15
6,6
7,8
8,2
9,9
10,2
11,8
12,8
13,12
14,8
15,18
16,0
17,11
18,12
19,13
20,0
21,12
22,22
23,7
24,8
25,22
26,4
27,0
28,11
29,8
30,17
31,3
32,9
33,1
34,12
35,9
36,14
37,16
38,9
39,11
40,21
41,5
42,12
43,18
44,9
45,1
46,6
47,18
48,0
49,2
50,7
51,4
52,21
53,3
54,10
55,0
56,13
57,21
58,22
59,1
60,1
61,9
62,8
63,18
64,19
65,17
66,5
67,1
68,5
69,16
70,5
71,12
72,7
73,4
74,14
75,20
76,19
77,2
78,19
79,5
80,22
81,3
82,9
83,20
84,0
85,8
86,13
87,17
88,12
89,14
90,6
91,21
92,22
93,22
94,21
95,14
96,6
97,18
98,10
99,16
100,6
101,22
102,12
103,12
104,22
105,9
106,7
107,22
108,19
109,19
110,19
111,13
112,15
113,18
114,7
115,18
116,14
117,21
118,9
119,16
120,19
121,16
122,22
123,20
124,2
125,20
126,10
127,22
128,9
129,6
130,4
131,17
132,9
133,16
134,18
135,0
136,1
137,12
138,8
139,4
140,22
141,9
142,3
143,15
144,21
145,22
146,18
147,2
148,22
149,7
150,22
151,22
152,4
153,12
154,7
155,21
156,11
157,4
158,15
159,22
160,10
161,9
162,1
163,17
164,16
165,21
166,3
167,3
168,16
169,2
170,0
171,5
172,5
173,12
174,18
175,11
176,18
177,8
178,2
179,2
180,15
181,8
182,13
183,4
184,3
185,18
186,19
187,0
188,17
189,15
190,3
191,1
192,8
193,1
194,3
195,8
196,22
197,12
198,9
199,12
200,10
201,17
202,7
203,8
204,12
205,6
206,13
207,22
208,11
209,4
210,11
211,3
212,19
213,11
214,15
215,22
216,18
217,16
218,4
219,7
220,22
221,19
222,12
223,5
224,18
225,5
226,10
227,4
228,22
229,4
230,1
231,6
232,16
233,0
234,8
235,19
236,16
237,1
238,6
239,6
240,13
241,9
242,9
243,22
244,2
245,7
246,10
247,2
248,3
249,7
250,4
251,8
252,1
253,16
254,6
255,19
256,19
257,20
258,19
259,8
260,20
261,0
262,20
263,0
264,22
265,6
266,11
267,20
268,4
269,21
270,19
271,7
272,16
273,7
274,15
275,9
276,7
277,18
278,13
279,14
280,18
281,18
282,9
283,12
284,17
285,6
286,9
287,5
288,19
289,18
290,6
291,22
292,2
293,16
294,10
295,13
296,0
297,15
298,6
299,9
300,0
301,19
302,15
303,20
304,2
305,1
306,12
307,12
308,6
309,8
310,15
311,21
312,6
313,6
314,14
315,7
316,12
317,5
318,5
319,11
320,14
321,9
322,10
323,11
324,3
325,5
326,12
327,2
328,6
329,8
330,22
331,19
332,11
333,11
334,5
335,20
336,18
337,15
338,10
339,9
340,13
341,15
342,20
343,4
344,10
345,11
346,20
347,20
348,4
349,19
350,19
351,9
352,3
353,5
354,14
355,5
356,15
357,1
358,20
359,20
360,9
361,16
362,9
363,11
364,9
365,1
366,4
367,9
368,2
369,10
370,16
371,5
372,12
373,2
374,16
375,20
376,18
377,18
378,6
379,12
380,18
381,14
382,14
383,7
384,20
385,13
386,3
387,20
388,0
389,19
390,7
391,8
392,15
393,1
394,19
395,19
396,22
397,19
398,5
399,9
400,2
401,19
402,14
403,16
404,21
405,14
406,13
407,13
408,6
409,11
410,22
411,9
412,9
413,20
414,8
415,1
416,0
417,10
418,15
419,4
420,10
421,16
422,20
423,15
424,22
425,17
426,19
427,15
428,16
429,9
430,16
431,2
432,17
433,11
434,9
435,12
436,16
437,15
438,9
439,6
440,2
441,11
442,14
443,16
444,0
445,14
446,15
447,18
448,12
449,19
450,0
451,16
452,2
453,0
454,18
455,8
456,12
457,13
458,19
459,8
460,12
461,17
462,6
463,19
464,12
465,18
466,7
467,0
468,20
469,4
470,17
471,12
472,2
473,20
474,11
475,1
476,5
477,6
478,6
479,8
480,10
481,20
482,15
483,5
484,14
485,19
486,7
487,7
488,3
489,15
490,11
491,5
492,15
493,21
494,7
495,20
496,21
497,20
498,16
499,14
500,15
501,14
502,15
503,11
504,11
505,5
506,11
507,12
508,4
509,18
510,9
511,21
512,5
513,6
514,5
515,15
516,18
517,4
518,18
519,9
520,12
521,17
522,5
523,8
524,10
525,22
526,8
527,4
528,3
529,14
530,21
531,12
532,17
533,1
534,16
535,4
536,6
537,3
538,2
539,10
540,3
541,14
542,11
543,15
544,4
545,4
546,0
547,19
548,9
549,8
550,11
551,12
552,18
553,16
554,11
555,8
556,19
557,4
558,0
559,21
560,9
561,19
562,18
563,22
564,16
565,11
566,15
567,2
568,12
569,17
570,21
571,19
572,5
573,9
574,0
575,14
576,3
577,19
578,3
579,16
580,19
581,14
582,0
583,15
584,20
585,6
586,5
587,10
588,1
589,21
590,19
591,3
592,18
593,21
594,17
595,15
596,14
597,16
598,1
599,11
600,5
601,18
602,15
603,0
604,5
605,22
606,8
607,21
608,15
609,13
610,10
611,5
612,15
613,15
614,21
615,13
616,2
617,15
618,3
619,2
620,3
621,11
622,13
623,6
624,11
625,3
626,9
627,11
628,1
629,18
630,10
631,1
632,20
633,14
634,7
635,13
636,20
637,7
638,20
639,19
640,16
641,22
642,2
643,3
644,21
645,1
646,5
647,17
648,11
649,9
650,19
651,9
652,21
653,15
654,12
655,22
656,3
657,2
658,20
659,12
660,9
661,17
662,21
663,21
664,13
665,9
666,1
667,8
668,8
669,16
670,11
671,12
672,22
673,1
674,11
675,0
676,14
677,5
678,10
679,17
680,21
681,2
682,16
683,17
684,4
685,2
686,12
687,6
688,4
689,17
690,16
691,17
692,12
693,13
694,20
695,22
696,4
697,3
698,0
699,16
700,2
701,15
702,19
703,18
704,17
705,19
706,15
707,16
708,4
709,1
710,4
711,13
712,0
713,6
714,1
715,0
716,11
717,3
718,0
719,14
720,13
721,21
722,3
723,10
724,14
725,3
726,22
727,19
728,8
729,19
730,11
731,8
732,0
733,16
734,22
735,0
736,9
737,1
738,8
739,7
740,21
741,2
742,20
743,15
744,10
745,4
746,6
747,5
748,9
749,9
750,3
751,8
752,7
753,5
754,22
755,15
756,5
757,2
758,21
759,1
760,18
761,20
762,13
763,22
764,22
765,9
766,12
767,9
768,13
769,0
770,14
771,21
772,18
773,17
774,22
775,14
776,20
777,8
778,0
779,17
780,3
781,21
782,10
783,6
784,3
785,6
786,19
787,22
788,16
789,12
790,15
791,4
792,3
793,4
794,14
795,19
796,5
797,16
798,22
799,6
800,20
801,14
802,11
803,14
804,6
805,10
806,4
807,15
808,5
809,15
810,4
811,10
812,20
813,5
814,15
815,3
816,4
817,2
818,0
819,6
820,7
821,18
822,8
823,21
824,5
825,14
826,2
827,3
828,4
829,1
830,5
831,14
832,15
833,3
834,4
835,0
836,13
837,3
838,11
839,10
840,5
841,5
842,17
843,10
844,20
845,17
846,12
847,4
848,15
849,18
850,21
851,3
852,11
853,13
854,0
855,20
856,14
857,15
858,17
859,19
860,17
861,9
862,21
863,19
864,10
865,9
866,9
867,20
868,9
869,16
870,6
871,1
872,15
873,8
874,7
875,22
876,10
877,18
878,16
879,0
880,17
881,4
882,5
883,17
884,1
885,4
886,15
887,1
888,9
889,0
890,14
891,2
892,2
893,22
894,8
895,19
896,21
897,18
898,5
899,7
900,20
901,20
902,22
903,18
904,7
905,6
906,6
907,17
908,21
909,7
910,22
911,10
912,19
913,13
914,21
915,12
916,19
917,15
918,9
919,1
920,2
921,8
922,0
923,12
924,5
925,2
926,7
927,17
928,5
929,22
930,16
931,8
932,17
933,9
934,3
935,12
936,22
937,10
938,1
939,15
940,12
941,3
942,5
943,11
944,20
945,10
946,19
947,9
948,16
949,20
950,3
951,21
952,16
953,19
954,1
955,2
956,22
957,17
958,21
959,17
960,17
961,17
962,8
963,4
964,2
965,2
966,19
967,0
968,6
969,12
970,3
971,11
972,17
973,3
974,10
975,20
976,19
977,7
978,3
979,4
980,19
981,4
982,16
983,17
984,2
985,5
986,6
987,8
988,19
989,16
990,7
991,2
992,21
993,22
994,18
995,5
996,21
997,0
998,9
999,4
1000,1
1001,14
1002,6
1003,7
1004,5
1005,18
1006,14
1007,12
1008,22
1009,16
1010,21
1011,20
1012,15
1013,5
1014,12
1015,8
1016,16
1017,6
1018,7
1019,5
1020,13
1021,14
1022,11
1023,3
1024,15
1025,18
1026,10
1027,13
1028,19
1029,19
1030,1
1031,4
1032,8
1033,21
1034,18
1035,3
1036,11
1037,4
1038,11
1039,22
1040,13
1041,21
1042,0
1043,2
1044,8
1045,15
1046,9
1047,14
1048,20
1049,7
1050,18
1051,2
1052,6
1053,3
1054,12
1055,0
1056,12
1057,6
1058,18
1059,7
1060,16
1061,4
1062,13
1063,9
1064,4
1065,15
1066,14
1067,21
1068,5
1069,10
1070,5
1071,3
1072,4
1073,2
1074,18
1075,13
1076,0
1077,10
1078,11
1079,21
1080,10
1081,2
1082,10
1083,22
1084,17
1085,10
1086,17
1087,16
1088,2
1089,14
1090,13
1091,17
1092,7
1093,5
1094,21
1095,22
1096,5
1097,22
1098,6
1099,3
1100,4
1101,6
1102,7
1103,13
1104,10
1105,13
1106,7
1107,22
1108,5
1109,13
1110,4
1111,21
1112,14
1113,19
1114,12
1115,14
1116,11
1117,8
1118,22
1119,17
1120,11
1121,0
1122,6
1123,10
1124,18
1125,1
1126,1
1127,6
1128,1
1129,11
1130,9
1131,2
1132,22
1133,8
1134,15
1135,12
1136,19
1137,8
1138,4
1139,16
1140,7
1141,20
1142,17
1143,13
1144,3
1145,6
1146,14
1147,11
1148,18
1149,22
1150,6
1151,15
1152,18
1153,1
1154,6
1155,3
1156,8
1157,7
1158,4
1159,20
1160,2
1161,8
1162,11
1163,21
1164,2
1165,4
1166,15
1167,15
1168,17
1169,20
1170,9
1171,12
1172,14
1173,20
1174,15
1175,1
1176,10
1177,16
1178,9
1179,11
1180,11
1181,16
1182,12
1183,9
1184,3
1185,15
1186,14
1187,18
1188,0
1189,22
1190,18
1191,6
1192,8
1193,2
1194,20
1195,10
1196,15
1197,3
1198,2
1199,16
1200,7
1201,0
1202,6
1203,13
1204,9
1205,20
1206,8
1207,10
1208,9
1209,5
1210,1
1211,14
1212,12
1213,4
1214,2
1215,17
1216,19
1217,6
1218,19
1219,11
1220,1
1221,17
1222,16
1223,20
1224,14
1225,15
1226,4
1227,11
1228,18
1229,9
1230,1
1231,22
1232,8
1233,14
1234,18
1235,11
1236,18
1237,10
1238,6
1239,21
1240,13
1241,16
1242,20
1243,3
1244,21
1245,3
1246,7
1247,14
1248,15
1249,6
1250,9
1251,2
1252,16
1253,21
1254,15
1255,17
1256,5
1257,8
1258,15
1259,20
1260,21
1261,17
1262,9
1263,8
1264,18
1265,3
1266,0
1267,19
1268,0
1269,14
1270,22
1271,1
1272,22
1273,17
1274,10
1275,11
1276,18
1277,17
1278,15
1279,17
1280,13
1281,13
1282,14
1283,15
1284,0
1285,11
1286,10
1287,19
1288,15
1289,20
1290,20
1291,17
1292,15
1293,5
1294,11
1295,8
1296,14
1297,4
1298,10
1299,2
1300,1
1301,9
1302,20
1303,0
1304,3
1305,1
1306,4
1307,12
1308,15
1309,3
1310,8
1311,15
1312,12
1313,20
1314,14
1315,14
1316,2
1317,6
1318,13
1319,2
1320,19
1321,6
1322,6
1323,12
1324,1
1325,1
1326,1
1327,3
1328,19
1329,8
1330,16
1331,19
1332,19
1333,18
1334,16
1335,15
1336,17
1337,8
1338,17
1339,9
1340,14
1341,21
1342,20
1343,1
1344,1
1345,8
1346,8
1347,8
1348,18
1349,12
1350,12
1351,0
1352,18
1353,7
1354,22
1355,12
1356,10
1357,10
1358,4
1359,11
1360,9
1361,21
1362,8
1363,16
1364,1
1365,13
1366,15
1367,13
1368,4
1369,19
1370,7
1371,5
1372,3
1373,11
1374,20
1375,20
1376,15
1377,14
1378,13
1379,13
1380,8
1381,2
1382,1
1383,4
1384,18
1385,12
1386,15
1387,7
1388,12
1389,2
1390,10
1391,8
1392,8
1393,20
1394,22
1395,9
1396,0
1397,8
1398,12
1399,15
1400,20
1401,20
1402,18
1403,10
1404,1
1405,16
1406,17
1407,18
1408,0
1409,5
1410,12
1411,2
1412,17
1413,12
1414,1
1415,14
1416,6
1417,17
1418,14
1419,0
1420,1
1421,4
1422,3
1423,2
1424,15
1425,2
1426,10
1427,2
1428,6
1429,7
1430,22
1431,20
1432,3
1433,22
1434,2
1435,16
1436,11
1437,20
1438,17
1439,18
1440,4
1441,1
1442,3
1443,18
1444,17
1445,6
1446,1
1447,3
1448,5
1449,11
1450,17
1451,1
1452,10
1453,6
1454,10
1455,6
1456,8
1457,8
1458,10
1459,19
1460,4
1461,9
1462,22
1463,10
1464,0
1465,0
1466,12
1467,21
1468,1
1469,12
1470,19
1471,6
1472,1
1473,19
1474,11
1475,22
1476,17
1477,12
1478,22
1479,4
1480,14
1481,0
1482,5
1483,22
1484,19
1485,21
1486,16
1487,1
1488,20
1489,21
1490,16
1491,12
1492,6
1493,15
1494,6
1495,2
1496,1
1497,20
1498,1
1499,1
1500,10
1501,14
1502,21
1503,18
1504,18
1505,11
1506,13
1507,10
1508,2
1509,13
1510,17
1511,9
1512,21
1513,2
1514,4
1515,7
1516,7
1517,12
1518,17
1519,10
1520,10
1521,14
1522,8
1523,17
1524,18
1525,18
1526,18
1527,4
1528,22
1529,12
1530,10
1531,18
1532,16
1533,4
1534,15
1535,4
1536,5
1537,15
1538,15
1539,19
1540,21
1541,19
1542,8
1543,3
1544,16
1545,6
1546,17
1547,19
1548,22
1549,22
1550,15
1551,5
1552,21
1553,20
1554,7
1555,4
1556,9
1557,9
1558,19
1559,3
1560,5
1561,14
1562,16
1563,20
1564,6
1565,12
1566,15
1567,13
1568,0
1569,12
1570,17
1571,18
1572,1
1573,10
1574,18
1575,7
1576,14
1577,22
1578,3
1579,11
1580,3
1581,15
1582,2
1583,18
1584,11
1585,20
1586,7
1587,11
1588,20
1589,9
1590,16
1591,15
1592,17
1593,4
1594,2
1595,7
1596,4
1597,11
1598,13
1599,10
1600,8
1601,22
1602,4
1603,21
1604,21
1605,20
1606,4
1607,9
1608,12
1609,10
1610,9
1611,8
1612,20
1613,0
1614,4
1615,9
1616,2
1617,3
1618,0
1619,1
1620,15
1621,9
1622,6
1623,13
1624,21
1625,10
1626,18
1627,5
1628,1
1629,10
1630,4
1631,16
1632,15
1633,14
1634,13
1635,18
1636,22
1637,13
1638,15
1639,13
1640,22
1641,3
1642,14
1643,19
1644,16
1645,20
1646,2
1647,12
1648,15
1649,6
1650,7
1651,5
1652,21
1653,7
1654,19
1655,12
1656,10
1657,18
1658,1
1659,13
1660,16
1661,13
1662,4
1663,15
1664,13
1665,15
1666,19
1667,11
1668,14
1669,8
1670,10
1671,17
1672,16
1673,22
1674,3
1675,11
1676,3
1677,21
1678,4
1679,5
1680,11
1681,3
1682,10
1683,10
1684,2
1685,20
1686,4
1687,3
1688,2
1689,4
1690,5
1691,5
1692,14
1693,4
1694,18
1695,22
1696,3
1697,19
1698,0
1699,9
1700,7
1701,17
1702,10
1703,4
1704,5
1705,18
1706,21
1707,7
1708,9
1709,0
1710,4
1711,10
1712,7
1713,5
1714,21
1715,6
1716,1
1717,22
1718,7
1719,13
1720,2
1721,4
1722,5
1723,8
1724,2
1725,2
1726,22
1727,1
1728,16
1729,18
1730,17
1731,1
1732,14
1733,19
1734,1
1735,8
1736,0
1737,17
1738,7
1739,12
1740,9
1741,12
1742,21
1743,1
1744,20
1745,10
1746,8
1747,9
1748,20
1749,6
1750,6
1751,9
1752,12
1753,18
1754,7
1755,16
1756,6
1757,20
1758,3
1759,10
1760,15
1761,12
1762,14
1763,22
1764,2
1765,6
1766,5
1767,10
1768,16
1769,21
1770,2
1771,5
1772,6
1773,6
1774,12
1775,14
1776,18
1777,13
1778,6
1779,16
1780,20
1781,10
1782,2
1783,20
1784,20
1785,7
1786,5
1787,2
1788,12
1789,17
1790,4
1791,10
1792,13
1793,1
1794,4
1795,16
1796,0
1797,16
1798,6
1799,15
1800,11
1801,10
1802,3
1803,5
1804,15
1805,7
1806,13
1807,9
1808,13
1809,13
1810,1
1811,6
1812,4
1813,17
1814,4
1815,6
1816,20
1817,8
1818,2
1819,2
1820,6
1821,5
1822,14
1823,5
1824,22
1825,9
1826,0
1827,15
1828,10
1829,14
1830,16
1831,17
1832,4
1833,4
1834,22
1835,9
1836,11
1837,10
1838,19
1839,4
1840,10
1841,17
1842,20
1843,2
1844,21
1845,6
1846,6
1847,14
1848,20
1849,21
1850,15
1851,3
1852,13
1853,14
1854,16
1855,5
1856,15
1857,13
1858,22
1859,7
1860,3
1861,2
1862,12
1863,18
1864,4
1865,13
1866,11
1867,0
1868,2
1869,16
1870,11
1871,17
1872,8
1873,12
1874,1
1875,4
1876,14
1877,12
1878,13
1879,1
1880,12
1881,15
1882,5
1883,16
1884,15
1885,4
1886,22
1887,0
1888,22
1889,13
1890,21
1891,5
1892,3
1893,14
1894,1
1895,0
1896,1
1897,0
1898,17
1899,8
1900,11
1901,14
1902,14
1903,1
1904,12
1905,14
1906,14
1907,5
1908,20
1909,20
1910,3
1911,22
1912,16
1913,12
1914,11
1915,8
1916,9
1917,8
1918,16
1919,12
1920,5
1921,11
1922,7
1923,13
1924,9
1925,3
1926,15
1927,22
1928,15
1929,8
1930,21
1931,8
1932,18
1933,16
1934,15
1935,17
1936,1
1937,13
1938,5
1939,18
1940,7
1941,9
1942,11
1943,19
1944,21
1945,14
1946,6
1947,15
1948,11
1949,21
1950,22
1951,3
1952,1
1953,15
1954,6
1955,20
1956,9
1957,6
1958,4
1959,11
1960,13
1961,7
1962,17
1963,15
1964,9
1965,13
1966,12
1967,15
1968,1
1969,2
1970,17
1971,12
1972,13
1973,14
1974,10
1975,20
1976,5
1977,0
1978,2
1979,4
1980,15
1981,2
1982,12
1983,14
1984,12
1985,7
1986,9
1987,20
1988,0
1989,20
1990,12
1991,18
1992,13
1993,7
1994,12
1995,8
1996,12
1997,4
1998,21
1999,0
2000,5
2001,16
2002,21
2003,16
2004,21
2005,4
2006,11
2007,4
2008,16
2009,4
2010,12
2011,0
2012,15
2013,22
2014,3
2015,6
2016,2
2017,14
2018,9
2019,14
2020,11
2021,1
2022,22
2023,15
2024,8
2025,16
2026,17
2027,3
2028,16
2029,13
2030,20
2031,11
2032,21
2033,6
2034,21
2035,18
2036,15
2037,14
2038,1
2039,7
2040,6
2041,14
2042,2
2043,6
2044,16
2045,21
2046,13
2047,17
2048,4
2049,0
2050,13
2051,9
2052,15
2053,9
2054,15
2055,19
2056,6
2057,5
2058,21
2059,19
2060,18
2061,0
2062,19
2063,12
2064,15
2065,16
2066,1
2067,7
2068,19
2069,0
2070,10
2071,12
2072,4
2073,7
2074,0
2075,6
2076,11
2077,17
2078,6
2079,13
2080,13
2081,19
2082,14
2083,17
2084,1
2085,13
2086,1
2087,17
2088,0
2089,17
2090,8
2091,20
2092,19
2093,5
2094,18
2095,17
2096,9
2097,16
2098,12
2099,22
2100,8
2101,8
2102,5
2103,0
2104,22
2105,11
2106,17
2107,9
2108,19
2109,11
2110,5
2111,5
2112,16
2113,22
2114,17
2115,12
2116,18
2117,0
2118,20
2119,2
2120,6
2121,16
2122,15
2123,8
2124,9
2125,18
2126,13
2127,18
2128,20
2129,17
2130,15
2131,4
2132,2
2133,10
2134,11
2135,17
2136,5
2137,0
2138,13
2139,12
2140,6
2141,21
2142,16
2143,8
2144,11
2145,14
2146,6
2147,10
2148,13
2149,7
2150,9
2151,5
2152,9
2153,5
2154,7
2155,22
2156,3
2157,17
2158,10
2159,16
2160,4
2161,20
2162,2
2163,13
2164,17
2165,18
2166,13
2167,11
2168,12
2169,3
2170,20
2171,10
2172,4
2173,1
2174,18
2175,14
2176,12
2177,2
2178,3
2179,11
2180,5
2181,21
2182,13
2183,13
2184,5
2185,11
2186,7
2187,6
2188,12
2189,6
2190,17
2191,22
2192,21
2193,20
2194,18
2195,4
2196,6
2197,21
2198,2
2199,15
2200,12
2201,17
2202,16
2203,21
2204,11
2205,19
2206,19
2207,21
2208,6
2209,9
2210,5
2211,4
2212,8
2213,20
2214,20
2215,22
2216,13
2217,5
2218,20
2219,2
2220,10
2221,11
2222,20
2223,0
2224,9
2225,21
2226,4
2227,9
2228,0
2229,17
2230,21
2231,14
2232,7
2233,22
2234,5
2235,1
2236,19
2237,16
2238,12
2239,13
2240,6
2241,14
2242,20
2243,13
2244,15
2245,21
2246,21
2247,14
2248,9
2249,9
2250,6
2251,22
2252,21
2253,10
2254,4
2255,14
2256,22
2257,6
2258,5
2259,1
2260,11
2261,15
2262,1
2263,11
2264,13
2265,5
2266,9
2267,12
2268,11
2269,0
2270,18
2271,3
2272,7
2273,9
2274,22
2275,6
2276,4
2277,16
2278,18
2279,19
2280,11
2281,1
2282,18
2283,11
2284,11
2285,10
2286,17
2287,7
2288,3
2289,12
2290,1
2291,7
2292,8
2293,8
2294,4
2295,10
2296,7
2297,2
2298,10
2299,19
2300,10
2301,17
2302,12
2303,22
2304,2
2305,2
2306,11
2307,5
2308,21
2309,15
2310,16
2311,1
2312,17
2313,7
2314,20
2315,11
2316,17
2317,3
2318,9
2319,14
2320,7
2321,12
2322,5
2323,21
2324,15
2325,14
2326,3
2327,17
2328,8
2329,5
2330,10
2331,15
2332,6
2333,10
2334,13
2335,14
2336,3
2337,0
2338,20
2339,19
2340,15
2341,1
2342,13
2343,22
2344,7
2345,2
2346,7
2347,18
2348,10
2349,22
2350,14
2351,15
2352,15
2353,3
2354,15
2355,3
2356,16
2357,20
2358,16
2359,15
2360,15
2361,10
2362,10
2363,18
2364,9
2365,7
2366,16
2367,3
2368,19
2369,9
2370,22
2371,8
2372,8
2373,5
2374,17
2375,16
2376,11
2377,20
2378,8
2379,6
2380,8
2381,6
2382,11
2383,11
2384,3
2385,9
2386,8
2387,12
2388,17
2389,12
2390,13
2391,9
2392,2
2393,9
2394,15
2395,18
2396,11
2397,20
2398,4
2399,12
2400,3
2401,18
2402,2
2403,14
2404,18
2405,7
2406,10
2407,7
2408,21
2409,10
2410,16
2411,15
2412,6
2413,18
2414,12
2415,0
2416,18
2417,16
2418,11
2419,12
2420,12
2421,4
2422,3
2423,13
2424,2
2425,2
2426,9
2427,21
2428,16
2429,10
2430,22
2431,13
2432,22
2433,11
2434,0
2435,22
2436,19
2437,7
2438,1
2439,4
2440,20
2441,18
2442,0
2443,21
2444,15
2445,5
2446,14
2447,5
2448,12
2449,19
2450,8
2451,10
2452,20
2453,3
2454,8
2455,7
2456,0
2457,17
2458,9
2459,10
2460,22
2461,3
2462,6
2463,12
2464,20
2465,21
2466,7
2467,13
2468,0
2469,16
2470,10
2471,17
2472,14
2473,15
2474,6
2475,19
2476,13
2477,18
2478,19
2479,22
2480,9
2481,5
2482,9
2483,1
2484,16
2485,4
2486,13
2487,4
2488,4
2489,11
2490,14
2491,13
2492,21
2493,5
2494,10
2495,20
2496,17
2497,21
2498,12
2499,9
2500,10
2501,0
2502,10
2503,3
2504,11
2505,2
2506,18
2507,8
2508,7
2509,17
2510,9
2511,17
2512,8
2513,13
2514,8
2515,7
2516,5
2517,15
2518,18
2519,13
2520,3
2521,15
2522,12
2523,10
2524,16
2525,6
2526,6
2527,22
2528,16
2529,13
2530,0
2531,1
2532,13
2533,6
2534,17
2535,7
2536,17
2537,10
2538,10
2539,7
2540,12
2541,9
2542,20
2543,2
2544,17
2545,16
2546,7
2547,13
2548,18
2549,6
2550,20
2551,7
2552,3
2553,19
2554,1
2555,12
2556,22
2557,17
2558,19
2559,1
2560,22
2561,14
2562,20
2563,5
2564,2
2565,0
2566,4
2567,15
2568,2
2569,1
2570,14
2571,9
2572,2
2573,9
2574,6
2575,5
2576,5
2577,13
2578,19
2579,19
2580,10
2581,10
2582,14
2583,7
2584,4
2585,5
2586,21
2587,19
2588,21
2589,11
2590,13
2591,20
2592,17
2593,7
2594,3
2595,2
2596,4
2597,5
2598,7
2599,13
2600,16
2601,22
2602,13
2603,14
2604,14
2605,8
2606,9
2607,4
2608,3
2609,12
2610,19
2611,5
2612,15
2613,18
2614,13
2615,18
2616,11
2617,10
2618,6
2619,2
2620,13
2621,10
2622,20
2623,15
2624,2
2625,15
2626,6
2627,14
2628,0
2629,2
2630,14
2631,12
2632,17
2633,8
2634,5
2635,16
2636,3
2637,0
2638,7
2639,15
2640,10
2641,9
2642,22
2643,18
2644,11
2645,2
2646,5
2647,20
2648,22
2649,1
2650,0
2651,8
2652,21
2653,5
2654,19
2655,20
2656,0
2657,11
2658,0
2659,18
2660,21
2661,5
2662,20
2663,19
2664,15
2665,3
2666,17
2667,19
2668,21
2669,3
2670,2
2671,1
2672,9
2673,7
2674,22
2675,6
2676,4
2677,6
2678,3
2679,20
2680,12
2681,7
2682,1
2683,21
2684,10
2685,8
2686,21
2687,4
2688,4
2689,21
2690,22
2691,4
2692,4
2693,21
2694,16
2695,0
2696,1
2697,19
2698,11
2699,16
2700,18
2701,15
2702,10
2703,10
2704,5
2705,18
2706,22
2707,11
2708,8
2709,22
2710,7
2711,21
2712,15
2713,18
2714,12
2715,10
2716,19
2717,15
2718,2
2719,21
2720,12
2721,7
2722,2
2723,5
2724,20
2725,15
2726,1
2727,11
2728,22
2729,22
2730,7
2731,4
2732,19
2733,9
2734,19
2735,21
2736,3
2737,12
2738,11
2739,22
2740,20
2741,0
2742,20
2743,13
2744,2
2745,18
2746,18
2747,22
2748,9
2749,13
2750,15
2751,12
2752,19
2753,16
2754,18
2755,15
2756,12
2757,4
2758,1
2759,11
2760,13
2761,2
2762,9
2763,0
2764,11
2765,19
2766,21
2767,13
2768,14
2769,14
2770,6
2771,10
2772,12
2773,0
2774,0
2775,12
2776,16
2777,2
2778,22
2779,12
2780,4
2781,12
2782,12
2783,13
2784,7
2785,5
2786,3
2787,5
2788,14
2789,20
2790,20
2791,16
2792,17
2793,18
2794,12
2795,1
2796,1
2797,16
2798,21
2799,8
2800,11
2801,17
2802,7
2803,22
2804,12
2805,16
2806,12
2807,7
2808,0
2809,5
2810,21
2811,3
2812,10
2813,8
2814,8
2815,4
2816,15
2817,7
2818,5
2819,10
2820,14
2821,18
2822,10
2823,20
2824,1
2825,2
2826,12
2827,0
2828,6
2829,14
2830,8
2831,16
2832,13
2833,12
2834,22
2835,19
2836,15
2837,21
2838,20
2839,1
2840,16
2841,14
2842,1
2843,8
2844,20
2845,10
2846,10
2847,6
2848,10
2849,8
2850,20
2851,7
2852,22
2853,15
2854,16
2855,4
2856,4
2857,3
2858,20
2859,0
2860,3
2861,21
2862,15
2863,9
2864,7
2865,12
2866,15
2867,20
2868,1
2869,12
2870,11
2871,18
2872,20
2873,4
2874,18
2875,9
2876,19
2877,10
2878,4
2879,9
2880,15
2881,18
2882,0
2883,3
2884,15
2885,4
2886,9
2887,18
2888,3
2889,6
2890,14
2891,0
2892,8
2893,20
2894,13
2895,21
2896,19
2897,17
2898,16
2899,19
2900,18
2901,17
2902,18
2903,14
2904,18
2905,19
2906,20
2907,8
2908,11
2909,17
2910,5
2911,17
2912,21
2913,2
2914,18
2915,15
2916,10
2917,13
2918,17
2919,5
2920,16
2921,10
2922,9
2923,14
2924,9
2925,12
2926,12
2927,10
2928,16
2929,15
2930,17
2931,15
2932,9
2933,0
2934,20
2935,6
2936,16
2937,19
2938,3
2939,10
2940,13
2941,20
2942,3
2943,13
2944,7
2945,3
2946,0
2947,3
2948,10
2949,1
2950,2
2951,22
2952,5
2953,10
2954,22
2955,17
2956,12
2957,4
2958,15
2959,1
2960,0
2961,13
2962,15
2963,21
2964,16
2965,8
2966,7
2967,4
2968,19
2969,16
2970,18
2971,0
2972,11
2973,17
2974,10
2975,16
2976,19
2977,7
2978,18
2979,18
2980,14
2981,10
2982,1
2983,3
2984,12
2985,18
2986,17
2987,11
2988,19
2989,18
2990,19
2991,13
2992,3
2993,0
2994,5
2995,18
2996,11
2997,18
2998,19
2999,13
3000,0
3001,1
3002,14
3003,4
3004,19
3005,7
3006,6
3007,1
3008,10
3009,15
3010,13
3011,2
3012,14
3013,12
3014,14
3015,18
3016,8
3017,18
3018,13
3019,10
3020,15
3021,8
3022,19
3023,15
3024,4
3025,10
3026,7
3027,17
3028,11
3029,13
3030,1
3031,21
3032,9
3033,18
3034,4
3035,1
3036,16
3037,7
3038,5
3039,21
3040,15
3041,20
3042,2
3043,18
3044,14
3045,16
3046,12
3047,7
3048,20
3049,14
3050,15
3051,14
3052,20
3053,12
3054,11
3055,8
3056,16
3057,20
3058,8
3059,5
3060,1
3061,10
3062,10
3063,19
3064,14
3065,2
3066,20
3067,18
3068,15
3069,2
3070,0
3071,21
3072,2
3073,3
3074,7
3075,10
3076,13
3077,22
3078,21
3079,7
3080,1
3081,12
3082,6
3083,7
3084,0
3085,9
3086,22
3087,12
3088,7
3089,6
3090,8
3091,17
3092,18
3093,18
3094,6
3095,12
3096,20
3097,15
3098,22
3099,9
3100,13
3101,1
3102,6
3103,13
3104,6
3105,11
3106,9
3107,8
3108,21
3109,6
3110,12
3111,12
3112,0
3113,21
3114,19
3115,8
3116,21
3117,16
3118,6
3119,9
3120,15
3121,9
3122,10
3123,21
3124,10
3125,9
3126,7
3127,9
3128,3
3129,11
3130,14
3131,4
3132,0
3133,1
3134,3
3135,0
3136,1
3137,8
3138,20
3139,19
3140,14
3141,18
3142,8
3143,22
3144,5
3145,12
3146,20
3147,3
3148,15
3149,7
3150,7
3151,6
3152,4
3153,13
3154,15
3155,9
3156,14
3157,17
3158,9
3159,1
3160,22
3161,1
3162,12
3163,6
3164,0
3165,17
3166,7
3167,22
3168,13
3169,7
3170,16
3171,18
3172,6
3173,17
3174,17
3175,9
3176,16
3177,3
3178,18
3179,20
3180,17
3181,12
3182,10
3183,20
3184,6
3185,5
3186,20
3187,15
3188,22
3189,11
3190,15
3191,14
3192,22
3193,11
3194,22
3195,22
3196,17
3197,15
3198,4
3199,14
3200,16
3201,18
3202,9
3203,21
3204,17
3205,13
3206,6
3207,0
3208,4
3209,1
3210,12
3211,15
3212,8
3213,14
3214,9
3215,16
3216,7
3217,14
3218,7
3219,5
3220,18
3221,20
3222,3
3223,17
3224,9
3225,7
3226,17
3227,13
3228,7
3229,3
3230,12
3231,12
3232,8
3233,17
3234,8
3235,21
3236,19
3237,11
3238,17
3239,8
3240,15
3241,22
3242,22
3243,15
3244,17
3245,17
3246,14
3247,20
3248,5
3249,6
3250,15
3251,19
3252,0
3253,8
3254,9
3255,3
3256,6
3257,20
3258,17
3259,16
3260,21
3261,2
3262,10
3263,11
3264,14
3265,4
3266,17
3267,20
3268,17
3269,12
3270,22
3271,21
3272,8
3273,2
3274,7
3275,19
3276,19
3277,1
3278,14
3279,11
3280,9
3281,10
3282,9
3283,22
3284,19
3285,16
3286,15
3287,12
3288,4
3289,13
3290,18
3291,12
3292,15
3293,11
3294,11
3295,7
3296,12
3297,5
3298,9
3299,22
3300,2
3301,15
3302,10
3303,18
3304,5
3305,2
3306,12
3307,9
3308,14
3309,0
3310,2
3311,19
3312,17
3313,3
3314,2
3315,16
3316,14
3317,16
3318,12
3319,5
3320,16
3321,9
3322,3
3323,7
3324,5
3325,8
3326,20
3327,1
3328,8
3329,12
3330,5
3331,17
3332,10
3333,3
3334,11
3335,14
3336,18
3337,7
3338,5
3339,4
3340,12
3341,6
3342,1
3343,6
3344,21
3345,17
3346,10
3347,17
3348,7
3349,15
3350,18
3351,10
3352,12
3353,3
3354,21
3355,0
3356,11
3357,8
3358,22
3359,13
3360,3
3361,9
3362,4
3363,12
3364,3
3365,4
3366,18
3367,3
3368,14
3369,12
3370,3
3371,20
3372,6
3373,9
3374,20
3375,8
3376,10
3377,16
3378,22
3379,17
3380,20
3381,10
3382,5
3383,22
3384,5
3385,7
3386,6
3387,4
3388,8
3389,14
3390,2
3391,5
3392,18
3393,14
3394,15
3395,2
3396,1
3397,9
3398,7
3399,18
3400,10
3401,5
3402,4
3403,16
3404,0
3405,4
3406,16
3407,22
3408,16
3409,1
3410,8
3411,14
3412,8
3413,5
3414,19
3415,17
3416,13
3417,3
3418,19
3419,8
3420,6
3421,19
3422,18
3423,2
3424,1
3425,4
3426,2
3427,18
3428,18
3429,15
3430,20
3431,14
3432,12
3433,13
3434,16
3435,20
3436,10
3437,5
3438,21
3439,10
3440,7
3441,19
3442,18
3443,3
3444,17
3445,13
3446,18
3447,6
3448,5
3449,7
3450,9
3451,6
3452,6
3453,1
3454,16
3455,7
3456,22
3457,22
3458,9
3459,1
3460,6
3461,1
3462,19
3463,4
3464,14
3465,11
3466,17
3467,15
3468,13
3469,3
3470,21
3471,9
3472,7
3473,13
3474,7
3475,14
3476,1
3477,0
3478,17
3479,9
3480,18
3481,10
3482,17
3483,10
3484,8
3485,2
3486,18
3487,16
3488,19
3489,10
3490,9
3491,19
3492,17
3493,21
3494,22
3495,2
3496,21
3497,16
3498,6
3499,20
3500,1
3501,22
3502,16
3503,4
3504,14
3505,6
3506,12
3507,9
3508,3
3509,3
3510,1
3511,0
3512,19
3513,16
3514,15
3515,1
3516,14
3517,21
3518,22
3519,8
3520,5
3521,18
3522,15
3523,16
3524,1
3525,21
3526,16
3527,4
3528,18
3529,4
3530,6
3531,22
3532,9
3533,19
3534,6
3535,18
3536,21
3537,7
3538,14
3539,4
3540,5
3541,21
3542,22
3543,5
3544,2
3545,2
3546,17
3547,10
3548,16
3549,22
3550,22
3551,1
3552,21
3553,0
3554,16
3555,19
3556,7
3557,4
3558,2
3559,19
3560,13
3561,19
3562,3
3563,20
3564,13
3565,15
3566,2
3567,18
3568,11
3569,8
3570,15
3571,7
3572,11
3573,7
3574,1
3575,4
3576,13
3577,0
3578,13
3579,2
3580,0
3581,14
3582,10
3583,14
3584,14
3585,14
3586,2
3587,5
3588,6
3589,9
3590,20
3591,18
3592,9
3593,15
3594,8
3595,20
3596,10
3597,15
3598,22
3599,13
3600,4
3601,3
3602,5
3603,18
3604,12
3605,18
3606,7
3607,1
3608,4
3609,19
3610,19
3611,22
3612,4
3613,6
3614,21
3615,2
3616,21
3617,19
3618,20
3619,7
3620,7
3621,5
3622,10
3623,13
3624,10
3625,14
3626,14
3627,15
3628,20
3629,22
3630,15
3631,14
3632,2
3633,4
3634,15
3635,16
3636,18
3637,9
3638,6
3639,16
3640,9
3641,11
3642,14
3643,22
3644,22
3645,1
3646,14
3647,21
3648,5
3649,6
3650,8
3651,0
3652,6
3653,22
3654,9
3655,0
3656,12
3657,13
3658,17
3659,9
3660,7
3661,16
3662,15
3663,15
3664,4
3665,21
3666,5
3667,18
3668,1
3669,21
3670,13
3671,20
3672,13
3673,21
3674,7
3675,12
3676,7
3677,15
3678,21
3679,21
3680,4
3681,12
3682,20
3683,5
3684,4
3685,3
3686,15
3687,10
3688,14
3689,19
3690,8
3691,8
3692,19
3693,9
3694,18
3695,2
3696,4
3697,7
3698,6
3699,17
3700,14
3701,9
3702,19
3703,11
3704,4
3705,5
3706,6
3707,17
3708,20
3709,5
3710,14
3711,3
3712,20
3713,8
3714,10
3715,5
3716,11
3717,19
3718,0
3719,17
3720,17
3721,13
3722,19
3723,11
3724,2
3725,12
3726,4
3727,20
3728,13
3729,8
3730,13
3731,14
3732,12
3733,10
3734,4
3735,3
3736,17
3737,2
3738,3
3739,9
3740,15
3741,1
3742,5
3743,18
3744,1
3745,13
3746,10
3747,17
3748,11
3749,4
3750,0
3751,14
3752,16
3753,7
3754,11
3755,21
3756,11
3757,21
3758,18
3759,7
3760,19
3761,2
3762,0
3763,18
3764,14
3765,10
3766,16
3767,3
3768,1
3769,16
3770,5
3771,12
3772,20
3773,20
3774,2
3775,18
3776,15
3777,6
3778,15
3779,4
3780,3
3781,5
3782,10
3783,17
3784,6
3785,1
3786,3
3787,4
3788,13
3789,14
3790,22
3791,13
3792,17
3793,14
3794,14
3795,4
3796,14
3797,14
3798,15
3799,15
3800,20
3801,6
3802,10
3803,12
3804,15
3805,5
3806,17
3807,22
3808,16
3809,12
3810,18
3811,20
3812,4
3813,6
3814,16
3815,20
3816,4
3817,21
3818,21
3819,22
3820,4
3821,1
3822,15
3823,14
3824,7
3825,5
3826,12
3827,22
3828,21
3829,3
3830,14
3831,13
3832,20
3833,15
3834,12
3835,3
3836,8
3837,15
3838,11
3839,13
3840,9
3841,5
3842,16
3843,3
3844,20
3845,13
3846,19
3847,7
3848,3
3849,7
3850,4
3851,17
3852,21
3853,16
3854,16
3855,10
3856,14
3857,12
3858,16
3859,20
3860,21
3861,2
3862,17
3863,3
3864,22
3865,10
3866,19
3867,17
3868,18
3869,17
3870,5
3871,21
3872,1
3873,11
3874,22
3875,14
3876,18
3877,17
3878,8
3879,5
3880,14
3881,19
3882,10
3883,3
3884,6
3885,2
3886,14
3887,19
3888,22
3889,14
3890,18
3891,0
3892,12
3893,8
3894,3
3895,1
3896,9
3897,18
3898,13
3899,1
3900,12
3901,13
3902,6
3903,12
3904,21
3905,12
3906,18
3907,1
3908,1
3909,11
3910,3
3911,2
3912,5
3913,14
3914,5
3915,8
3916,1
3917,11
3918,8
3919,13
3920,15
3921,3
3922,22
3923,12
3924,19
3925,0
3926,22
3927,13
3928,16
3929,2
3930,4
3931,11
3932,13
3933,21
3934,17
3935,10
3936,21
3937,4
3938,4
3939,2
3940,2
3941,20
3942,15
3943,15
3944,5
3945,9
3946,16
3947,2
3948,15
3949,9
3950,0
3951,6
3952,2
3953,14
3954,10
3955,8
3956,18
3957,4
3958,18
3959,12
3960,14
3961,10
3962,21
3963,13
3964,0
3965,8
3966,19
3967,17
3968,21
3969,11
3970,3
3971,18
3972,18
3973,17
3974,20
3975,12
3976,1
3977,18
3978,19
3979,15
3980,0
3981,12
3982,14
3983,22
3984,13
3985,8
3986,6
3987,21
3988,5
3989,18
3990,7
3991,13
3992,1
3993,8
3994,12
3995,13
3996,5
3997,15
3998,9
3999,0
4000,4
4001,21
4002,3
4003,5
4004,12
4005,18
4006,20
4007,0
4008,8
4009,0
4010,1
4011,20
4012,9
4013,15
4014,7
4015,9
4016,1
4017,7
4018,9
4019,7
4020,2
4021,17
4022,9
4023,2
4024,4
4025,3
4026,21
4027,6
4028,1
4029,13
4030,2
4031,22
4032,11
4033,20
4034,3
4035,14
4036,14
4037,12
4038,3
4039,7
4040,21
4041,21
4042,9
4043,4
4044,8
4045,20
4046,12
4047,2
4048,20
4049,10
4050,15
4051,7
4052,15
4053,8
4054,7
4055,11
4056,10
4057,6
4058,10
4059,6
4060,2
4061,12
4062,2
4063,17
4064,7
4065,20
4066,1
4067,14
4068,0
4069,19
4070,15
4071,1
4072,13
4073,6
4074,14
4075,10
4076,10
4077,20
4078,11
4079,14
4080,0
4081,21
4082,4
4083,12
4084,11
4085,5
4086,11
4087,3
4088,2
4089,0
4090,8
4091,15
4092,11
4093,1
4094,8
4095,11
4096,9
4097,16
4098,17
4099,3
4100,5
4101,9
4102,20
4103,19
4104,2
4105,8
4106,7
4107,6
4108,6
4109,18
4110,19
4111,9
4112,13
4113,20
4114,6
4115,7
4116,4
4117,13
4118,10
4119,4
4120,21
4121,20
4122,0
4123,12
4124,12
4125,16
4126,12
4127,10
4128,18
4129,21
4130,1
4131,21
4132,0
4133,14
4134,8
4135,22
4136,1
4137,1
4138,9
4139,10
4140,20
4141,3
4142,19
4143,16
4144,5
4145,11
4146,18
4147,5
4148,5
4149,18
4150,3
4151,10
4152,4
4153,19
4154,10
4155,2
4156,7
4157,13
4158,0
4159,8
4160,22
4161,14
4162,0
4163,11
4164,7
4165,20
4166,4
4167,0
4168,14
4169,22
4170,14
4171,19
4172,15
4173,22
4174,0
4175,6
4176,15
4177,22
4178,1
4179,3
4180,14
4181,2
4182,8
4183,6
4184,14
4185,12
4186,17
4187,20
4188,14
4189,8
4190,16
4191,11
4192,14
4193,14
4194,14
4195,6
4196,2
4197,22
4198,6
4199,4
4200,18
4201,9
4202,3
4203,22
4204,15
4205,11
4206,2
4207,20
4208,6
4209,15
4210,14
4211,20
4212,3
4213,8
4214,10
4215,2
4216,13
4217,22
4218,0
4219,16
4220,0
4221,14
4222,21
4223,0
4224,11
4225,2
4226,16
4227,3
4228,22
4229,4
4230,12
4231,22
4232,12
4233,21
4234,3
4235,14
4236,17
4237,5
4238,18
4239,5
4240,4
4241,21
4242,21
4243,19
4244,20
4245,0
4246,15
4247,2
4248,7
4249,20
4250,2
4251,1
4252,16
4253,20
4254,21
4255,12
4256,6
4257,19
4258,4
4259,14
4260,10
4261,3
4262,7
4263,21
4264,1
4265,8
4266,7
4267,7
4268,22
4269,14
4270,13
4271,15
4272,10
4273,22
4274,0
4275,19
4276,15
4277,9
4278,11
4279,7
4280,19
4281,6
4282,18
4283,6
4284,8
4285,9
4286,22
4287,2
4288,14
4289,6
4290,20
4291,7
4292,15
4293,5
4294,10
4295,17
4296,14
4297,3
4298,4
4299,8
4300,20
4301,22
4302,18
4303,15
4304,7
4305,5
4306,2
4307,3
4308,12
4309,15
4310,13
4311,17
4312,4
4313,16
4314,0
4315,15
4316,2
4317,3
4318,3
4319,2
4320,19
4321,14
4322,12
4323,2
4324,3
4325,11
4326,8
4327,10
4328,15
4329,20
4330,4
4331,15
4332,9
4333,19
4334,4
4335,20
4336,4
4337,5
4338,22
4339,15
4340,22
4341,7
4342,3
4343,21
4344,19
4345,10
4346,13
4347,4
4348,20
4349,2
4350,14
4351,18
4352,6
4353,11
4354,2
4355,2
4356,16
4357,20
4358,8
4359,14
4360,3
4361,17
4362,3
4363,5
4364,4
4365,18
4366,14
4367,1
4368,8
4369,18
4370,8
4371,15
4372,13
4373,17
4374,18
4375,16
4376,8
4377,7
4378,11
4379,15
4380,19
4381,11
4382,2
4383,0
4384,16
4385,5
4386,18
4387,17
4388,21
4389,14
4390,3
4391,20
4392,11
4393,9
4394,7
4395,5
4396,15
4397,7
4398,12
4399,22
4400,17
4401,5
4402,1
4403,14
4404,21
4405,14
4406,17
4407,20
4408,13
4409,2
4410,1
4411,9
4412,17
4413,9
4414,7
4415,7
4416,8
4417,4
4418,1
4419,0
4420,20
4421,16
4422,19
4423,10
4424,15
4425,5
4426,2
4427,12
4428,6
4429,4
4430,15
4431,1
4432,2
4433,14
4434,9
4435,19
4436,20
4437,18
4438,14
4439,18
4440,15
4441,0
4442,21
4443,8
4444,11
4445,16
4446,2
4447,15
4448,18
4449,13
4450,1
4451,12
4452,17
4453,3
4454,1
4455,18
4456,2
4457,5
4458,19
4459,13
4460,15
4461,5
4462,14
4463,21
4464,20
4465,5
4466,5
4467,15
4468,2
4469,14
4470,17
4471,19
4472,3
4473,15
4474,9
4475,19
4476,17
4477,5
4478,9
4479,17
4480,4
4481,2
4482,4
4483,20
4484,6
4485,20
4486,12
4487,8
4488,3
4489,20
4490,12
4491,11
4492,22
4493,21
4494,13
4495,10
4496,3
4497,21
4498,15
4499,13
4500,17
4501,19
4502,5
4503,17
4504,22
4505,9
4506,9
4507,19
4508,9
4509,19
4510,8
4511,14
4512,16
4513,0
4514,12
4515,13
4516,1
4517,15
4518,4
4519,16
4520,8
4521,20
4522,21
4523,19
4524,8
4525,8
4526,16
4527,18
4528,5
4529,0
4530,16
4531,7
4532,21
4533,11
4534,14
4535,0
4536,6
4537,1
4538,9
4539,2
4540,4
4541,11
4542,8
4543,5
4544,5
4545,3
4546,21
4547,1
4548,11
4549,13
4550,4
4551,12
4552,17
4553,0
4554,1
4555,1
4556,10
4557,11
4558,3
4559,5
4560,9
4561,19
4562,15
4563,12
4564,19
4565,2
4566,19
4567,9
4568,13
4569,18
4570,15
4571,8
4572,8
4573,18
4574,15
4575,8
4576,9
4577,19
4578,6
4579,4
4580,13
4581,18
4582,19
4583,6
4584,1
4585,15
4586,13
4587,11
4588,14
4589,2
4590,22
4591,1
4592,10
4593,3
4594,7
4595,0
4596,6
4597,0
4598,18
4599,19
4600,3
4601,11
4602,15
4603,1
4604,19
4605,2
4606,1
4607,8
4608,12
4609,12
4610,7
4611,8
4612,19
4613,18
4614,18
4615,21
4616,9
4617,21
4618,8
4619,1
4620,6
4621,22
4622,1
4623,22
4624,9
4625,16
4626,10
4627,7
4628,0
4629,10
4630,1
4631,17
4632,19
4633,12
4634,13
4635,17
4636,12
4637,4
4638,4
4639,17
4640,3
4641,12
4642,14
4643,21
4644,1
4645,0
4646,7
4647,17
4648,3
4649,14
4650,7
4651,18
4652,17
4653,4
4654,18
4655,13
4656,15
4657,13
4658,18
4659,14
4660,10
4661,15
4662,4
4663,15
4664,0
4665,0
4666,22
4667,10
4668,12
4669,12
4670,8
4671,9
4672,6
4673,11
4674,15
4675,4
4676,20
4677,4
4678,18
4679,7
4680,6
4681,18
4682,1
4683,17
4684,13
4685,9
4686,8
4687,1
4688,0
4689,14
4690,3
4691,17
4692,11
4693,15
4694,6
4695,3
4696,8
4697,12
4698,15
4699,0
4700,12
4701,7
4702,12
4703,12
4704,12
4705,16
4706,17
4707,6
4708,13
4709,6
4710,6
4711,9
4712,6
4713,12
4714,11
4715,1
4716,22
4717,5
4718,9
4719,21
4720,7
4721,13
4722,0
4723,17
4724,2
4725,20
4726,6
4727,11
4728,6
4729,0
4730,17
4731,19
4732,17
4733,7
4734,2
4735,11
4736,4
4737,20
4738,3
4739,0
4740,14
4741,10
4742,21
4743,14
4744,6
4745,17
4746,3
4747,5
4748,9
4749,11
4750,22
4751,10
4752,7
4753,13
4754,16
4755,17
4756,21
4757,13
4758,4
4759,16
4760,20
4761,16
4762,22
4763,0
4764,22
4765,4
4766,18
4767,6
4768,19
4769,20
4770,1
4771,11
4772,21
4773,7
4774,2
4775,21
4776,9
4777,14
4778,14
4779,18
4780,15
4781,21
4782,4
4783,9
4784,10
4785,18
4786,0
4787,15
4788,14
4789,10
4790,17
4791,16
4792,12
4793,6
4794,9
4795,1
4796,4
4797,2
4798,19
4799,4
4800,2
4801,13
4802,19
4803,1
4804,5
4805,9
4806,20
4807,1
4808,15
4809,0
4810,5
4811,11
4812,15
4813,2
4814,4
4815,18
4816,17
4817,7
4818,2
4819,21
4820,15
4821,18
4822,4
4823,14
4824,14
4825,7
4826,7
4827,2
4828,4
4829,13
4830,14
4831,22
4832,7
4833,7
4834,15
4835,18
4836,20
4837,16
4838,11
4839,12
4840,2
4841,6
4842,18
4843,14
4844,18
4845,20
4846,14
4847,6
4848,10
4849,9
4850,21
4851,16
4852,6
4853,5
4854,12
4855,3
4856,15
4857,12
4858,5
4859,13
4860,14
4861,9
4862,15
4863,16
4864,8
4865,13
4866,18
4867,5
4868,21
4869,8
4870,17
4871,2
4872,15
4873,22
4874,0
4875,4
4876,5
4877,0
4878,12
4879,3
4880,20
4881,12
4882,13
4883,7
4884,11
4885,0
4886,12
4887,14
4888,14
4889,9
4890,13
4891,8
4892,7
4893,21
4894,14
4895,8
4896,8
4897,4
4898,5
4899,18
4900,0
4901,2
4902,10
4903,21
4904,1
4905,5
4906,15
4907,17
4908,8
4909,19
4910,15
4911,0
4912,22
4913,5
4914,15
4915,17
4916,20
4917,0
4918,22
4919,1
4920,0
4921,3
4922,16
4923,7
4924,16
4925,15
4926,1
4927,9
4928,8
4929,19
4930,7
4931,11
4932,5
4933,6
4934,1
4935,8
4936,2
4937,0
4938,21
4939,15
4940,19
4941,6
4942,17
4943,9
4944,1
4945,3
4946,18
4947,7
4948,8
4949,21
4950,19
4951,2
4952,15
4953,8
4954,16
4955,22
4956,13
4957,14
4958,10
4959,11
4960,0
4961,8
4962,1
4963,7
4964,18
4965,1
4966,22
4967,11
4968,18
4969,19
4970,10
4971,3
4972,6
4973,0
4974,11
4975,6
4976,20
4977,4
4978,12
4979,15
4980,12
4981,2
4982,4
4983,18
4984,5
4985,21
4986,8
4987,2
4988,12
4989,11
4990,22
4991,0
4992,21
4993,20
4994,14
4995,7
4996,4
4997,13
4998,22
4999,13
5000,12
5001,12
5002,18
5003,2
5004,3
5005,21
5006,4
5007,16
5008,9
5009,6
5010,11
5011,14
5012,17
5013,15
5014,9
5015,0
5016,6
5017,9
5018,5
5019,20
5020,3
5021,12
5022,6
5023,7
5024,21
5025,20
5026,3
5027,6
5028,1
5029,19
5030,0
5031,12
5032,16
5033,13
5034,0
5035,20
5036,17
5037,14
5038,15
5039,1
5040,7
5041,1
5042,8
5043,2
5044,0
5045,15
5046,11
5047,3
5048,8
5049,18
5050,9
5051,8
5052,6
5053,13
5054,0
5055,9
5056,4
5057,9
5058,15
5059,18
5060,17
5061,14
5062,19
5063,1
5064,17
5065,1
5066,4
5067,20
5068,19
5069,4
5070,5
5071,5
5072,15
5073,7
5074,8
5075,16
5076,15
5077,6
5078,8
5079,21
5080,9
5081,0
5082,15
5083,10
5084,21
5085,0
5086,17
5087,11
5088,17
5089,18
5090,7
5091,14
5092,20
5093,11
5094,10
5095,10
5096,18
5097,8
5098,16
5099,9
5100,4
5101,6
5102,9
5103,2
5104,12
5105,16
5106,3
5107,15
5108,14
5109,14
5110,0
5111,10
5112,11
5113,11
5114,0
5115,5
5116,2
5117,6
5118,18
5119,14
5120,4
5121,8
5122,4
5123,1
5124,13
5125,19
5126,0
5127,9
5128,12
5129,17
5130,11
5131,20
5132,7
5133,19
5134,15
5135,1
5136,16
5137,22
5138,14
5139,5
5140,8
5141,11
5142,4
5143,16
5144,11
5145,17
5146,20
5147,22
5148,5
5149,7
5150,19
5151,5
5152,12
5153,6
5154,12
5155,15
5156,1
5157,4
5158,22
5159,0
5160,11
5161,11
5162,22
5163,5
5164,20
5165,6
5166,9
5167,0
5168,10
5169,17
5170,16
5171,5
5172,9
5173,16
5174,14
5175,8
5176,12
5177,12
5178,11
5179,12
5180,9
5181,7
5182,5
5183,3
5184,6
5185,18
5186,13
5187,14
5188,22
5189,10
5190,5
5191,7
5192,14
5193,17
5194,6
5195,17
5196,10
5197,13
5198,10
5199,19
5200,18
5201,19
5202,11
5203,16
5204,22
5205,3
5206,17
5207,7
5208,17
5209,0
5210,17
5211,3
5212,6
5213,8
5214,14
5215,3
5216,2
5217,13
5218,15
5219,16
5220,15
5221,2
5222,14
5223,8
5224,5
5225,6
5226,20
5227,0
5228,4
5229,4
5230,9
5231,9
5232,8
5233,14
5234,9
5235,1
5236,22
5237,2
5238,14
5239,15
5240,4
5241,17
5242,6
5243,15
5244,1
5245,1
5246,12
5247,18
5248,12
5249,0
5250,15
5251,1
5252,14
5253,12
5254,3
5255,2
5256,11
5257,3
5258,0
5259,5
5260,11
5261,10
5262,12
5263,1
5264,9
5265,10
5266,15
5267,2
5268,0
5269,14
5270,5
5271,1
5272,6
5273,19
5274,22
5275,6
5276,13
5277,16
5278,2
5279,10
5280,11
5281,7
5282,1
5283,21
5284,14
5285,22
5286,0
5287,1
5288,17
5289,5
5290,9
5291,6
5292,4
5293,7
5294,0
5295,17
5296,9
5297,7
5298,7
5299,3
5300,3
5301,7
5302,22
5303,0
5304,0
5305,18
5306,6
5307,9
5308,8
5309,4
5310,7
5311,19
5312,0
5313,8
5314,4
5315,14
5316,22
5317,19
5318,6
5319,7
5320,21
5321,21
5322,2
5323,0
5324,5
5325,18
5326,0
5327,12
5328,8
5329,10
5330,20
5331,2
5332,4
5333,1
5334,13
5335,11
5336,3
5337,20
5338,16
5339,3
5340,2
5341,7
5342,6
5343,16
5344,11
5345,10
5346,15
5347,9
5348,7
5349,3
5350,8
5351,19
5352,2
5353,2
5354,5
5355,5
5356,16
5357,3
5358,2
5359,6
5360,9
5361,5
5362,15
5363,6
5364,12
5365,12
5366,5
5367,19
5368,10
5369,13
5370,7
5371,5
5372,11
5373,20
5374,22
5375,13
5376,11
5377,13
5378,14
5379,0
5380,5
5381,11
5382,5
5383,19
5384,0
5385,22
5386,2
5387,13
5388,20
5389,7
5390,0
5391,0
5392,8
5393,2
5394,11
5395,15
5396,20
5397,14
5398,2
5399,19
5400,11
5401,1
5402,14
5403,9
5404,9
5405,5
5406,5
5407,13
5408,20
5409,21
5410,4
5411,11
5412,18
5413,11
5414,9
5415,22
5416,10
5417,14
5418,20
5419,8
5420,10
5421,2
5422,2
5423,9
5424,13
5425,19
5426,2
5427,13
5428,1
5429,22
5430,20
5431,3
5432,4
5433,0
5434,1
5435,3
5436,9
5437,16
5438,9
5439,22
5440,3
5441,5
5442,10
5443,0
5444,4
5445,13
5446,1
5447,15
5448,11
5449,9
5450,0
5451,2
5452,15
5453,3
5454,6
5455,7
5456,15
5457,2
5458,6
5459,4
5460,4
5461,6
5462,22
5463,3
5464,14
5465,2
5466,17
5467,10
5468,11
5469,3
5470,0
5471,1
5472,21
5473,11
5474,2
5475,18
5476,11
5477,3
5478,21
5479,17
5480,19
5481,5
5482,2
5483,11
5484,16
5485,7
5486,20
5487,3
5488,13
5489,19
5490,3
5491,20
5492,22
5493,20
5494,14
5495,12
5496,11
5497,16
5498,3
5499,22
5500,15
5501,16
5502,22
5503,13
5504,2
5505,19
5506,4
5507,20
5508,8
5509,18
5510,1
5511,19
5512,14
5513,1
5514,0
5515,11
5516,8
5517,2
5518,3
5519,12
5520,11
5521,21
5522,0
5523,11
5524,16
5525,19
5526,21
5527,10
5528,10
5529,13
5530,6
5531,0
5532,10
5533,19
5534,17
5535,11
5536,12
5537,4
5538,9
5539,6
5540,14
5541,11
5542,11
5543,4
5544,4
5545,21
5546,9
5547,4
5548,19
5549,18
5550,3
5551,13
5552,22
5553,8
5554,3
5555,13
5556,4
5557,3
5558,6
5559,4
5560,2
5561,4
5562,20
5563,22
5564,9
5565,5
5566,15
5567,19
5568,0
5569,19
5570,0
5571,15
5572,0
5573,20
5574,12
5575,17
5576,2
5577,21
5578,1
5579,2
5580,22
5581,7
5582,17
5583,13
5584,21
5585,11
5586,18
5587,13
5588,2
5589,6
5590,9
5591,21
5592,7
5593,4
5594,3
5595,4
5596,2
5597,0
5598,3
5599,18
5600,18
5601,12
5602,14
5603,19
5604,22
5605,13
5606,18
5607,3
5608,19
5609,17
5610,1
5611,5
5612,1
5613,15
5614,16
5615,16
5616,19
5617,12
5618,20
5619,15
5620,9
5621,1
5622,7
5623,15
5624,16
5625,2
5626,15
5627,4
5628,14
5629,21
5630,14
5631,4
5632,1
5633,13
5634,1
5635,2
5636,17
5637,2
5638,13
5639,0
5640,22
5641,6
5642,18
5643,11
5644,10
5645,6
5646,17
5647,18
5648,9
5649,15
5650,15
5651,18
5652,9
5653,7
5654,15
5655,15
5656,6
5657,21
5658,21
5659,22
5660,8
5661,9
5662,3
5663,13
5664,15
5665,14
5666,12
5667,22
5668,19
5669,16
5670,8
5671,1
5672,19
5673,8
5674,10
5675,19
5676,4
5677,16
5678,20
5679,2
5680,8
5681,14
5682,18
5683,19
5684,18
5685,16
5686,19
5687,8
5688,1
5689,13
5690,8
5691,18
5692,1
5693,20
5694,4
5695,8
5696,4
5697,9
5698,4
5699,15
5700,0
5701,8
5702,7
5703,5
5704,17
5705,11
5706,8
5707,20
5708,15
5709,8
5710,14
5711,7
5712,1
5713,7
5714,18
5715,22
5716,8
5717,21
5718,3
5719,2
5720,2
5721,10
5722,16
5723,12
5724,22
5725,4
5726,10
5727,8
5728,2
5729,19
5730,13
5731,13
5732,22
5733,1
5734,0
5735,15
5736,14
5737,0
5738,0
5739,7
5740,15
5741,0
5742,16
5743,0
5744,5
5745,0
5746,13
5747,14
5748,8
5749,6
5750,22
5751,4
5752,21
5753,22
5754,22
5755,0
5756,14
5757,19
5758,4
5759,18
5760,15
5761,10
5762,6
5763,8
5764,3
5765,16
5766,16
5767,5
5768,12
5769,4
5770,17
5771,21
5772,16
5773,5
5774,16
5775,10
5776,7
5777,11
5778,18
5779,12
5780,11
5781,20
5782,20
5783,20
5784,19
5785,10
5786,21
5787,15
5788,17
5789,11
5790,5
5791,6
5792,12
5793,18
5794,5
5795,21
5796,20
5797,9
5798,5
5799,10
5800,21
5801,11
5802,5
5803,14
5804,15
5805,0
5806,12
5807,17
5808,8
5809,11
5810,15
5811,14
5812,8
5813,8
5814,16
5815,17
5816,13
5817,19
5818,17
5819,7
5820,16
5821,5
5822,6
5823,12
5824,18
5825,14
5826,12
5827,12
5828,13
5829,8
5830,22
5831,15
5832,7
5833,4
5834,2
5835,17
5836,0
5837,8
5838,15
5839,17
5840,15
5841,20
5842,22
5843,11
5844,20
5845,11
5846,13
5847,21
5848,16
5849,10
5850,5
5851,12
5852,4
5853,11
5854,17
5855,4
5856,4
5857,1
5858,17
5859,15
5860,18
5861,9
5862,14
5863,22
5864,18
5865,22
5866,20
5867,15
5868,8
5869,16
5870,2
5871,12
5872,19
5873,13
5874,11
5875,7
5876,13
5877,9
5878,4
5879,1
5880,9
5881,0
5882,19
5883,7
5884,18
5885,3
5886,1
5887,19
5888,3
5889,4
5890,16
5891,1
5892,3
5893,19
5894,13
5895,4
5896,16
5897,12
5898,8
5899,1
5900,22
5901,20
5902,19
5903,4
5904,16
5905,22
5906,9
5907,20
5908,8
5909,9
5910,7
5911,7
5912,20
5913,10
5914,18
5915,15
5916,4
5917,8
5918,2
5919,10
5920,16
5921,10
5922,1
5923,13
5924,13
5925,7
5926,5
5927,0
5928,8
5929,4
5930,3
5931,18
5932,13
5933,1
5934,3
5935,13
5936,19
5937,16
5938,18
5939,18
5940,7
5941,11
5942,20
5943,18
5944,22
5945,16
5946,22
5947,18
5948,19
5949,12
5950,10
5951,14
5952,6
5953,20
5954,7
5955,3
5956,22
5957,0
5958,3
5959,4
5960,12
5961,8
5962,13
5963,18
5964,3
5965,17
5966,2
5967,1
5968,1
5969,9
5970,15
5971,13
5972,17
5973,7
5974,14
5975,4
5976,9
5977,3
5978,18
5979,18
5980,4
5981,11
5982,10
5983,12
5984,6
5985,21
5986,0
5987,19
5988,3
5989,0
5990,4
5991,10
5992,6
5993,13
5994,7
5995,5
5996,20
5997,22
5998,21
5999,19
6000,18
6001,8
6002,1
6003,8
6004,22
6005,0
6006,5
6007,8
6008,0
6009,10
6010,18
6011,12
6012,18
6013,17
6014,14
6015,19
6016,13
6017,0
6018,14
6019,19
6020,15
6021,6
6022,7
6023,15
6024,9
6025,0
6026,10
6027,19
6028,13
6029,19
6030,22
6031,9
6032,20
6033,13
6034,9
6035,4
6036,20
6037,22
6038,22
6039,1
6040,17
6041,13
6042,6
6043,16
6044,0
6045,10
6046,3
6047,22
6048,18
6049,16
6050,5
6051,18
6052,9
6053,10
6054,5
6055,8
6056,0
6057,13
6058,4
6059,8
6060,22
6061,9
6062,22
6063,20
6064,11
6065,14
6066,11
6067,11
6068,19
6069,7
6070,19
6071,10
6072,10
6073,0
6074,12
6075,14
6076,11
6077,13
6078,11
6079,4
6080,3
6081,7
6082,12
6083,3
6084,16
6085,12
6086,17
6087,3
6088,5
6089,13
6090,9
6091,21
6092,2
6093,19
6094,1
6095,6
6096,14
6097,4
6098,15
6099,22
6100,6
6101,2
6102,4
6103,3
6104,13
6105,21
6106,6
6107,21
6108,6
6109,18
6110,21
6111,9
6112,4
6113,9
6114,7
6115,17
6116,10
6117,1
6118,15
6119,19
6120,19
6121,19
6122,3
6123,18
6124,10
6125,2
6126,21
6127,0
6128,15
6129,18
6130,18
6131,22
6132,20
6133,21
6134,11
6135,0
6136,13
6137,18
6138,19
6139,2
6140,13
6141,4
6142,2
6143,8
6144,22
6145,11
6146,13
6147,1
6148,18
6149,0
6150,22
6151,1
6152,15
6153,0
6154,15
6155,12
6156,3
6157,17
6158,21
6159,11
6160,4
6161,3
6162,1
6163,17
6164,22
6165,17
6166,21
6167,18
6168,16
6169,4
6170,6
6171,10
6172,19
6173,9
6174,18
6175,2
6176,8
6177,2
6178,1
6179,8
6180,15
6181,19
6182,5
6183,1
6184,0
6185,10
6186,2
6187,13
6188,1
6189,3
6190,1
6191,17
6192,3
6193,4
6194,8
6195,20
6196,4
6197,22
6198,18
6199,21
6200,8
6201,21
6202,6
6203,1
6204,11
6205,16
6206,8
6207,22
6208,19
6209,5
6210,10
6211,5
6212,16
6213,0
6214,9
6215,11
6216,21
6217,13
6218,7
6219,2
6220,11
6221,0
6222,8
6223,0
6224,8
6225,19
6226,21
6227,2
6228,15
6229,5
6230,14
6231,3
6232,0
6233,0
6234,7
6235,19
6236,5
6237,22
6238,0
6239,8
6240,22
6241,10
6242,15
6243,10
6244,6
6245,1
6246,8
6247,14
6248,1
6249,1
6250,20
6251,17
6252,15
6253,13
6254,9
6255,20
6256,17
6257,0
6258,12
6259,22
6260,14
6261,2
6262,8
6263,11
6264,7
6265,6
6266,13
6267,10
6268,11
6269,20
6270,18
6271,13
6272,1
6273,2
6274,9
6275,19
6276,12
6277,2
6278,20
6279,2
6280,14
6281,19
6282,13
6283,21
6284,20
6285,22
6286,19
6287,8
6288,12
6289,3
6290,3
6291,3
6292,4
6293,16
6294,10
6295,7
6296,3
6297,5
6298,22
6299,22
6300,18
6301,14
6302,17
6303,10
6304,4
6305,7
6306,10
6307,18
6308,5
6309,22
6310,5
6311,6
6312,16
6313,16
6314,16
6315,3
6316,1
6317,3
6318,2
6319,20
6320,6
6321,10
6322,18
6323,5
6324,12
6325,19
6326,12
6327,11
6328,1
6329,20
6330,2
6331,16
6332,20
6333,10
6334,8
6335,19
6336,4
6337,2
6338,11
6339,21
6340,1
6341,12
6342,14
6343,22
6344,15
6345,19
6346,2
6347,4
6348,17
6349,0
6350,0
6351,4
6352,19
6353,17
6354,22
6355,18
6356,8
6357,4
6358,4
6359,16
6360,14
6361,13
6362,18
6363,19
6364,5
6365,18
6366,0
6367,7
6368,1
6369,4
6370,1
6371,15
6372,0
6373,18
6374,9
6375,0
6376,19
6377,21
6378,13
6379,1
6380,21
6381,9
6382,14
6383,8
6384,20
6385,0
6386,16
6387,6
6388,7
6389,19
6390,14
6391,15
6392,4
6393,16
6394,21
6395,1
6396,4
6397,9
6398,17
6399,0
6400,18
6401,12
6402,0
6403,7
6404,20
6405,19
6406,8
6407,8
6408,16
6409,22
6410,13
6411,6
6412,6
6413,22
6414,12
6415,0
6416,8
6417,14
6418,22
6419,14
6420,16
6421,4
6422,5
6423,15
6424,12
6425,20
6426,15
6427,8
6428,22
6429,5
6430,10
6431,15
6432,11
6433,8
6434,7
6435,18
6436,0
6437,0
6438,7
6439,11
6440,18
6441,11
6442,17
6443,11
6444,12
6445,22
6446,21
6447,11
6448,12
6449,11
6450,19
6451,14
6452,4
6453,7
6454,21
6455,4
6456,15
6457,11
6458,13
6459,3
6460,8
6461,15
6462,9
6463,13
6464,21
6465,21
6466,18
6467,17
6468,18
6469,14
6470,19
6471,19
6472,2
6473,20
6474,17
6475,19
6476,22
6477,1
6478,21
6479,1
6480,4
6481,20
6482,13
6483,14
6484,13
6485,19
6486,5
6487,18
6488,10
6489,15
6490,5
6491,5
6492,5
6493,22
6494,12
6495,15
6496,18
6497,1
6498,6
6499,12
6500,0
6501,17
6502,5
6503,8
6504,5
6505,5
6506,16
6507,16
6508,3
6509,2
6510,18
6511,16
6512,19
6513,2
6514,1
6515,13
6516,22
6517,21
6518,8
6519,6
6520,18
6521,3
6522,2
6523,1
6524,21
6525,7
6526,18
6527,3
6528,1
6529,16
6530,8
6531,20
6532,3
6533,14
6534,17
6535,15
6536,3
6537,0
6538,20
6539,13
6540,5
6541,5
6542,8
6543,1
6544,0
6545,22
6546,3
6547,14
6548,15
6549,18
6550,9
6551,1
6552,17
6553,11
6554,7
6555,10
6556,20
6557,6
6558,22
6559,2
6560,16
6561,14
6562,20
6563,8
6564,18
6565,21
6566,1
6567,19
6568,20
6569,7
6570,8
6571,4
6572,13
6573,5
6574,8
6575,15
6576,4
6577,21
6578,15
6579,2
6580,18
6581,2
6582,4
6583,4
6584,20
6585,0
6586,21
6587,10
6588,22
6589,3
6590,14
6591,11
6592,11
6593,16
6594,16
6595,4
6596,2
6597,11
6598,6
6599,20
6600,13
6601,3
6602,19
6603,9
6604,14
6605,2
6606,3
6607,22
6608,9
6609,2
6610,7
6611,22
6612,17
6613,3
6614,9
6615,9
6616,1
6617,14
6618,10
6619,22
6620,9
6621,5
6622,21
6623,8
6624,3
6625,4
6626,22
6627,10
6628,11
6629,5
6630,6
6631,10
6632,16
6633,16
6634,16
6635,9
6636,11
6637,15
6638,1
6639,3
6640,8
6641,4
6642,2
6643,9
6644,8
6645,11
6646,0
6647,18
6648,2
6649,1
6650,1
6651,6
6652,14
6653,11
6654,11
6655,12
6656,1
6657,10
6658,0
6659,4
6660,2
6661,14
6662,9
6663,22
6664,16
6665,4
6666,4
6667,18
6668,7
6669,2
6670,3
6671,10
6672,22
6673,13
6674,21
6675,8
6676,5
6677,15
6678,11
6679,17
6680,11
6681,16
6682,4
6683,11
6684,2
6685,13
6686,0
6687,6
6688,5
6689,12
6690,9
6691,18
6692,16
6693,10
6694,18
6695,3
6696,15
6697,18
6698,9
6699,8
6700,20
6701,11
6702,5
6703,10
6704,5
6705,16
6706,13
6707,17
6708,8
6709,21
6710,18
6711,7
6712,17
6713,20
6714,5
6715,20
6716,2
6717,14
6718,16
6719,15
6720,3
6721,14
6722,12
6723,19
6724,6
6725,14
6726,7
6727,19
6728,4
6729,20
6730,20
6731,4
6732,13
6733,4
6734,6
6735,12
6736,6
6737,18
6738,20
6739,7
6740,20
6741,5
6742,16
6743,14
6744,3
6745,20
6746,1
6747,14
6748,9
6749,9
6750,9
6751,14
6752,8
6753,4
6754,21
6755,5
6756,17
6757,11
6758,11
6759,0
6760,8
6761,1
6762,18
6763,1
6764,18
6765,1
6766,18
6767,6
6768,11
6769,22
6770,19
6771,16
6772,21
6773,10
6774,20
6775,2
6776,8
6777,12
6778,7
6779,18
6780,21
6781,4
6782,10
6783,12
6784,20
6785,10
6786,2
6787,10
6788,22
6789,3
6790,17
6791,6
6792,19
6793,7
6794,4
6795,20
6796,5
6797,6
6798,17
6799,10
6800,20
6801,11
6802,2
6803,1
6804,12
6805,9
6806,3
6807,5
6808,21
6809,16
6810,18
6811,15
6812,7
6813,20
6814,21
6815,16
6816,8
6817,22
6818,20
6819,21
6820,9
6821,13
6822,13
6823,18
6824,7
6825,13
6826,2
6827,18
6828,2
6829,16
6830,7
6831,3
6832,12
6833,4
6834,22
6835,4
6836,20
6837,11
6838,21
6839,6
6840,14
6841,6
6842,1
6843,4
6844,9
6845,3
6846,9
6847,20
6848,14
6849,15
6850,16
6851,9
6852,8
6853,11
6854,14
6855,1
6856,0
6857,3
6858,20
6859,19
6860,2
6861,20
6862,18
6863,6
6864,20
6865,15
6866,11
6867,20
6868,8
6869,19
6870,9
6871,10
6872,6
6873,4
6874,18
6875,22
6876,14
6877,13
6878,13
6879,8
6880,1
6881,10
6882,5
6883,10
6884,3
6885,8
6886,21
6887,6
6888,5
6889,19
6890,21
6891,7
6892,14
6893,9
6894,0
6895,15
6896,0
6897,15
6898,12
6899,18
6900,20
6901,21
6902,2
6903,3
6904,13
6905,16
6906,15
6907,4
6908,16
6909,5
6910,5
6911,5
6912,6
6913,3
6914,7
6915,3
6916,4
6917,19
6918,13
6919,11
6920,12
6921,12
6922,20
6923,8
6924,14
6925,11
6926,0
6927,16
6928,18
6929,2
6930,16
6931,8
6932,3
6933,15
6934,19
6935,22
6936,4
6937,16
6938,2
6939,16
6940,3
6941,13
6942,16
6943,20
6944,8
6945,1
6946,9
6947,12
6948,18
6949,13
6950,15
6951,18
6952,4
6953,17
6954,14
6955,16
6956,14
6957,4
6958,1
6959,12
6960,22
6961,19
6962,5
6963,20
6964,10
6965,20
6966,4
6967,7
6968,21
6969,4
6970,22
6971,9
6972,21
6973,4
6974,8
6975,4
6976,17
6977,12
6978,0
6979,4
6980,15
6981,4
6982,13
6983,5
6984,5
6985,11
6986,13
6987,18
6988,3
6989,13
6990,13
6991,11
6992,20
6993,3
6994,14
6995,20
6996,12
6997,1
6998,18
6999,4
7000,13
7001,0
7002,19
7003,13
7004,15
7005,22
7006,22
7007,5
7008,16
7009,13
7010,0
7011,11
7012,1
7013,2
7014,4
7015,20
7016,4
7017,21
7018,2
7019,10
7020,9
7021,8
7022,16
7023,22
7024,7
7025,14
7026,2
7027,9
7028,1
7029,3
7030,22
7031,8
7032,16
7033,11
7034,16
7035,20
7036,9
7037,12
7038,14
7039,18
7040,19
7041,21
7042,12
7043,20
7044,22
7045,18
7046,13
7047,16
7048,9
7049,5
7050,22
7051,5
7052,3
7053,4
7054,12
7055,14
7056,20
7057,15
7058,3
7059,10
7060,12
7061,10
7062,11
7063,15
7064,19
7065,0
7066,10
7067,21
7068,8
7069,11
7070,5
7071,7
7072,4
7073,10
7074,17
7075,0
7076,13
7077,20
7078,19
7079,7
7080,4
7081,15
7082,0
7083,13
7084,17
7085,1
7086,14
7087,16
7088,19
7089,11
7090,13
7091,18
7092,5
7093,21
7094,7
7095,17
7096,6
7097,11
7098,7
7099,17
7100,15
7101,6
7102,18
7103,22
7104,1
7105,1
7106,10
7107,21
7108,2
7109,18
7110,16
7111,13
7112,22
7113,10
7114,9
7115,18
7116,11
7117,6
7118,19
7119,12
7120,8
7121,3
7122,5
7123,2
7124,15
7125,0
7126,10
7127,13
7128,15
7129,20
7130,1
7131,22
7132,14
7133,10
7134,20
7135,21
7136,16
7137,15
7138,6
7139,9
7140,21
7141,10
7142,12
7143,1
7144,6
7145,18
7146,1
7147,21
7148,3
7149,5
7150,0
7151,11
7152,15
7153,15
7154,15
7155,11
7156,20
7157,8
7158,6
7159,13
7160,21
7161,0
7162,4
7163,10
7164,2
7165,13
7166,2
7167,21
7168,6
7169,20
7170,11
7171,21
7172,4
7173,15
7174,14
7175,6
7176,20
7177,18
7178,5
7179,2
7180,13
7181,1
7182,8
7183,21
7184,3
7185,17
7186,7
7187,8
7188,22
7189,12
7190,18
7191,4
7192,3
7193,11
7194,4
7195,21
7196,6
7197,20
7198,3
7199,6
7200,4
7201,19
7202,1
7203,14
7204,14
7205,8
7206,3
7207,7
7208,1
7209,2
7210,19
7211,18
7212,22
7213,10
7214,13
7215,5
7216,11
7217,10
7218,5
7219,5
7220,21
7221,17
7222,14
7223,11
7224,1
7225,21
7226,20
7227,16
7228,5
7229,5
7230,4
7231,7
7232,3
7233,12
7234,11
7235,21
7236,13
7237,6
7238,9
7239,0
7240,9
7241,0
7242,5
7243,3
7244,5
7245,5
7246,3
7247,22
7248,13
7249,0
7250,5
7251,10
7252,16
7253,4
7254,15
7255,12
7256,12
7257,2
7258,8
7259,21
7260,7
7261,4
7262,19
7263,14
7264,9
7265,13
7266,9
7267,0
7268,12
7269,15
7270,19
7271,22
7272,15
7273,19
7274,0
7275,17
7276,8
7277,21
7278,10
7279,3
7280,3
7281,0
7282,19
7283,16
7284,9
7285,17
7286,1
7287,1
7288,8
7289,11
7290,20
7291,1
7292,6
7293,0
7294,8
7295,10
7296,22
7297,18
7298,19
7299,14
7300,17
7301,17
7302,6
7303,12
7304,10
7305,2
7306,3
7307,14
7308,9
7309,22
7310,11
7311,12
7312,6
7313,1
7314,18
7315,3
7316,17
7317,2
7318,10
7319,11
7320,5
7321,5
7322,0
7323,2
7324,0
7325,20
7326,6
7327,5
7328,20
7329,7
7330,10
7331,17
7332,17
7333,9
7334,15
7335,3
7336,1
7337,21
7338,18
7339,6
7340,19
7341,14
7342,7
7343,16
7344,12
7345,9
7346,12
7347,11
7348,3
7349,20
7350,22
7351,22
7352,3
7353,3
7354,10
7355,0
7356,8
7357,20
7358,6
7359,5
7360,6
7361,0
7362,21
7363,2
7364,14
7365,22
7366,15
7367,9
7368,1
7369,13
7370,7
7371,14
7372,7
7373,11
7374,6
7375,4
7376,3
7377,11
7378,14
7379,22
7380,15
7381,12
7382,7
7383,12
7384,10
7385,17
7386,5
7387,16
7388,17
7389,2
7390,18
7391,13
7392,11
7393,16
7394,9
7395,14
7396,1
7397,4
7398,9
7399,7
7400,1
7401,15
7402,21
7403,19
7404,15
7405,6
7406,2
7407,1
7408,6
7409,13
7410,2
7411,0
7412,15
7413,14
7414,17
7415,16
7416,17
7417,10
7418,8
7419,21
7420,4
7421,13
7422,2
7423,14
7424,8
7425,22
7426,1
7427,12
7428,11
7429,3
7430,16
7431,2
7432,18
7433,2
7434,9
7435,0
7436,7
7437,5
7438,11
7439,10
7440,0
7441,5
7442,5
7443,16
7444,18
7445,7
7446,10
7447,7
7448,18
7449,8
7450,16
7451,9
7452,22
7453,4
7454,11
7455,7
7456,10
7457,0
7458,13
7459,9
7460,18
7461,10
7462,7
7463,0
7464,19
7465,5
7466,6
7467,19
7468,17
7469,14
7470,13
7471,11
7472,2
7473,17
7474,6
7475,13
7476,7
7477,9
7478,15
7479,22
7480,1
7481,5
7482,1
7483,8
7484,4
7485,5
7486,13
7487,11
7488,4
7489,14
7490,13
7491,12
7492,18
7493,0
7494,4
7495,6
7496,11
7497,0
7498,3
7499,10
7500,0
7501,8
7502,3
7503,0
7504,8
7505,1
7506,2
7507,22
7508,1
7509,21
7510,9
7511,9
7512,4
7513,18
7514,16
7515,22
7516,15
7517,12
7518,13
7519,16
7520,19
7521,10
7522,22
7523,8
7524,16
7525,15
7526,10
7527,16
7528,1
7529,21
7530,15
7531,19
7532,5
7533,1
7534,11
7535,6
7536,14
7537,12
7538,20
7539,9
7540,15
7541,21
7542,16
7543,1
7544,5
7545,18
7546,19
7547,13
7548,12
7549,21
7550,10
7551,17
7552,15
7553,19
7554,12
7555,13
7556,22
7557,3
7558,22
7559,15
7560,20
7561,10
7562,21
7563,4
7564,0
7565,6
7566,19
7567,0
7568,21
7569,0
7570,11
7571,20
7572,8
7573,20
7574,1
7575,2
7576,9
7577,2
7578,4
7579,6
7580,22
7581,15
7582,20
7583,13
7584,3
7585,7
7586,8
7587,9
7588,16
7589,6
7590,16
7591,6
7592,1
7593,11
7594,3
7595,10
7596,6
7597,21
7598,11
7599,19
7600,13
7601,9
7602,10
7603,14
7604,15
7605,15
7606,14
7607,17
7608,19
7609,11
7610,10
7611,0
7612,20
7613,13
7614,13
7615,10
7616,2
7617,17
7618,8
7619,9
7620,20
7621,20
7622,13
7623,8
7624,6
7625,15
7626,3
7627,1
7628,22
7629,12
7630,13
7631,18
7632,14
7633,8
7634,21
7635,15
7636,18
7637,22
7638,18
7639,22
7640,2
7641,19
7642,11
7643,20
7644,14
7645,18
7646,10
7647,0
7648,10
7649,15
7650,15
7651,20
7652,8
7653,2
7654,2
7655,7
7656,19
7657,1
7658,18
7659,13
7660,10
7661,0
7662,16
7663,20
7664,21
7665,16
7666,6
7667,21
7668,17
7669,16
7670,17
7671,7
7672,4
7673,13
7674,7
7675,13
7676,9
7677,8
7678,20
7679,17
7680,17
7681,14
7682,8
7683,1
7684,9
7685,8
7686,21
7687,3
7688,6
7689,1
7690,7
7691,8
7692,0
7693,2
7694,17
7695,12
7696,3
7697,3
7698,11
7699,17
7700,10
7701,15
7702,6
7703,9
7704,14
7705,22
7706,10
7707,11
7708,22
7709,21
7710,18
7711,17
7712,16
7713,2
7714,11
7715,16
7716,14
7717,14
7718,10
7719,2
7720,3
7721,18
7722,9
7723,1
7724,17
7725,21
7726,14
7727,21
7728,6
7729,5
7730,22
7731,7
7732,21
7733,19
7734,9
7735,20
7736,15
7737,19
7738,9
7739,8
7740,8
7741,3
7742,22
7743,19
7744,18
7745,1
7746,22
7747,8
7748,14
7749,16
7750,20
7751,15
7752,19
7753,15
7754,12
7755,15
7756,14
7757,9
7758,2
7759,5
7760,14
7761,12
7762,9
7763,21
7764,2
7765,0
7766,0
7767,8
7768,12
7769,4
7770,10
7771,12
7772,15
7773,2
7774,17
7775,12
7776,3
7777,19
7778,2
7779,10
7780,4
7781,16
7782,8
7783,18
7784,12
7785,5
7786,22
7787,9
7788,7
7789,15
7790,22
7791,4
7792,3
7793,13
7794,3
7795,20
7796,6
7797,5
7798,17
7799,20
7800,14
7801,11
7802,0
7803,3
7804,2
7805,11
7806,18
7807,18
7808,1
7809,9
7810,19
7811,2
7812,13
7813,17
7814,8
7815,1
7816,21
7817,16
7818,14
7819,11
7820,6
7821,7
7822,15
7823,10
7824,4
7825,10
7826,17
7827,13
7828,16
7829,4
7830,19
7831,14
7832,5
7833,14
7834,13
7835,7
7836,22
7837,13
7838,0
7839,6
7840,10
7841,16
7842,10
7843,5
7844,22
7845,13
7846,8
7847,17
7848,14
7849,2
7850,12
7851,7
7852,2
7853,19
7854,12
7855,4
7856,14
7857,18
7858,14
7859,22
7860,11
7861,21
7862,10
7863,16
7864,13
7865,15
7866,22
7867,14
7868,18
7869,16
7870,21
7871,3
7872,20
7873,4
7874,7
7875,1
7876,10
7877,15
7878,2
7879,12
7880,19
7881,12
7882,15
7883,7
7884,6
7885,7
7886,17
7887,15
7888,10
7889,15
7890,3
7891,3
7892,20
7893,4
7894,12
7895,4
7896,22
7897,2
7898,1
7899,14
7900,11
7901,3
7902,22
7903,15
7904,1
7905,16
7906,10
7907,16
7908,19
7909,0
7910,21
7911,11
7912,12
7913,7
7914,9
7915,10
7916,10
7917,13
7918,11
7919,22
7920,16
7921,19
7922,7
7923,7
7924,0
7925,9
7926,21
7927,9
7928,6
7929,12
7930,16
7931,4
7932,12
7933,5
7934,8
7935,4
7936,18
7937,15
7938,6
7939,8
7940,8
7941,4
7942,15
7943,5
7944,19
7945,17
7946,6
7947,8
7948,19
7949,15
7950,11
7951,11
7952,19
7953,13
7954,6
7955,11
7956,18
7957,10
7958,2
7959,12
7960,8
7961,19
7962,17
7963,18
7964,0
7965,0
7966,3
7967,15
7968,4
7969,6
7970,10
7971,11
7972,12
7973,16
7974,0
7975,1
7976,9
7977,19
7978,1
7979,10
7980,12
7981,9
7982,19
7983,14
7984,18
7985,13
7986,22
7987,20
7988,10
7989,22
7990,16
7991,14
7992,16
7993,11
7994,15
7995,19
7996,21
7997,14
7998,20
7999,15
